sequential_execution_time,average_parallel_line_executions,parallel_execution_fraction,arrays_count,total_array_elements,total_array_size_bytes,avg_array_size_bytes,max_array_dimension,min_array_dimension,avg_array_dimension,shadow_renew_count,shadow_renew_unique_arrays,across_count,across_total_width,across_max_width,across_avg_width,most_common_comm_pattern,comm_pattern_count,remote_access_count,reduction_count,total_reduction_size,reduction_operation_types,most_common_reduction_op,most_common_reduction_freq,parallel_directives_count,min_computational_intensity,max_computational_intensity,avg_computational_intensity,std_computational_intensity,total_iteration_count,total_loops_count,avg_iterations_per_loop,max_loop_depth,avg_loop_depth,total_dependencies,avg_dependencies_per_parallel,shadow_renews_in_parallel,across_in_parallel,computation_to_communication_ratio,memory_to_computation_ratio,parallel_fraction_efficiency_potential,launch_grid_1,launch_grid_2,launch_grid_3,launch_grid_4,launch_threads,launch_total_processors,dvmh_num_threads,dvmh_grid_size,processor_utilization,threads_per_dvmh_proc,parallelism_degree,is_power_of_two_threads,is_power_of_two_grid,potential_contention,oversubscription_factor,target_speedup,parallel_execution_time,program_name,launch_config,normalized_parallel_time
0.0,11.75,0.4051724137931034,2,2,8,4.0,1,1,1.0,0,0,1,2,2,2.0,NEAREST_NEIGHBOR,1,0,1,4,1,min,1,3,0.5,1.0,0.8333333333333334,0.23570226039551584,49,3,16.333333333333332,1,1.0,1,0.3333333333333333,1,0,0.41666645833343746,0.16326530279050402,0.33764367816091956,1,1,1,1,1,1,1.0,1,1.0,1.0,1,1,1,0,1.0,0.9640522875816994,0.0306,acr1101,grid=[1]_threads=1,inf
0.0,11.75,0.4051724137931034,2,2,8,4.0,1,1,1.0,0,0,1,2,2,2.0,NEAREST_NEIGHBOR,1,0,1,4,1,min,1,3,0.5,1.0,0.8333333333333334,0.23570226039551584,49,3,16.333333333333332,1,1.0,1,0.3333333333333333,1,0,0.41666645833343746,0.16326530279050402,0.33764367816091956,1,1,1,1,2,2,2.0,1,1.0,2.0,2,1,1,1,2.0,0.9899328859060402,0.0298,acr1101,grid=[1]_threads=2,inf
0.0,11.75,0.4051724137931034,2,2,8,4.0,1,1,1.0,0,0,1,2,2,2.0,NEAREST_NEIGHBOR,1,0,1,4,1,min,1,3,0.5,1.0,0.8333333333333334,0.23570226039551584,49,3,16.333333333333332,1,1.0,1,0.3333333333333333,1,0,0.41666645833343746,0.16326530279050402,0.33764367816091956,2,1,1,1,2,4,2.0,2,1.0,2.0,4,1,1,1,2.0,0.3063343717549325,0.0963,acr1101,grid=[2]_threads=2,inf
0.0,11.75,0.4051724137931034,2,2,8,4.0,1,1,1.0,0,0,1,2,2,2.0,NEAREST_NEIGHBOR,1,0,1,4,1,min,1,3,0.5,1.0,0.8333333333333334,0.23570226039551584,49,3,16.333333333333332,1,1.0,1,0.3333333333333333,1,0,0.41666645833343746,0.16326530279050402,0.33764367816091956,1,1,1,1,1,1,1.0,1,1.0,1.0,1,1,1,0,1.0,1.0,0.0295,acr1101,grid=[1]_threads=1,inf
0.0,11.75,0.4051724137931034,2,2,8,4.0,1,1,1.0,0,0,1,2,2,2.0,NEAREST_NEIGHBOR,1,0,1,4,1,min,1,3,0.5,1.0,0.8333333333333334,0.23570226039551584,49,3,16.333333333333332,1,1.0,1,0.3333333333333333,1,0,0.41666645833343746,0.16326530279050402,0.33764367816091956,1,1,1,1,2,2,2.0,1,1.0,2.0,2,1,1,1,2.0,0.97682119205298,0.0302,acr1101,grid=[1]_threads=2,inf
0.0,11.75,0.4051724137931034,2,2,8,4.0,1,1,1.0,0,0,1,2,2,2.0,NEAREST_NEIGHBOR,1,0,1,4,1,min,1,3,0.5,1.0,0.8333333333333334,0.23570226039551584,49,3,16.333333333333332,1,1.0,1,0.3333333333333333,1,0,0.41666645833343746,0.16326530279050402,0.33764367816091956,2,1,1,1,2,4,2.0,2,1.0,2.0,4,1,1,1,2.0,0.33146067415730335,0.089,acr1101,grid=[2]_threads=2,inf
0.0,11.75,0.4051724137931034,2,2,8,4.0,1,1,1.0,0,0,1,2,2,2.0,NEAREST_NEIGHBOR,1,0,1,4,1,min,1,3,0.5,1.0,0.8333333333333334,0.23570226039551584,49,3,16.333333333333332,1,1.0,1,0.3333333333333333,1,0,0.41666645833343746,0.16326530279050402,0.33764367816091956,1,1,1,1,1,1,1.0,1,1.0,1.0,1,1,1,0,1.0,0.6455142231947484,0.0457,acr1101,grid=[1]_threads=1,inf
0.0,11.75,0.4051724137931034,2,2,8,4.0,1,1,1.0,0,0,1,2,2,2.0,NEAREST_NEIGHBOR,1,0,1,4,1,min,1,3,0.5,1.0,0.8333333333333334,0.23570226039551584,49,3,16.333333333333332,1,1.0,1,0.3333333333333333,1,0,0.41666645833343746,0.16326530279050402,0.33764367816091956,1,1,1,1,2,2,2.0,1,1.0,2.0,2,1,1,1,2.0,0.5239786856127886,0.0563,acr1101,grid=[1]_threads=2,inf
0.0,11.75,0.4051724137931034,2,2,8,4.0,1,1,1.0,0,0,1,2,2,2.0,NEAREST_NEIGHBOR,1,0,1,4,1,min,1,3,0.5,1.0,0.8333333333333334,0.23570226039551584,49,3,16.333333333333332,1,1.0,1,0.3333333333333333,1,0,0.41666645833343746,0.16326530279050402,0.33764367816091956,2,1,1,1,2,4,2.0,2,1.0,2.0,4,1,1,1,2.0,0.30697190426638915,0.0961,acr1101,grid=[2]_threads=2,inf
0.0,11.75,0.4051724137931034,2,2,8,4.0,1,1,1.0,0,0,1,2,2,2.0,NEAREST_NEIGHBOR,1,0,1,4,1,min,1,3,0.5,1.0,0.8333333333333334,0.23570226039551584,49,3,16.333333333333332,1,1.0,1,0.3333333333333333,1,0,0.41666645833343746,0.16326530279050402,0.33764367816091956,1,1,1,1,1,1,1.0,1,1.0,1.0,1,1,1,0,1.0,0.6371490280777538,0.0463,acr1101,grid=[1]_threads=1,inf
0.0,11.75,0.4051724137931034,2,2,8,4.0,1,1,1.0,0,0,1,2,2,2.0,NEAREST_NEIGHBOR,1,0,1,4,1,min,1,3,0.5,1.0,0.8333333333333334,0.23570226039551584,49,3,16.333333333333332,1,1.0,1,0.3333333333333333,1,0,0.41666645833343746,0.16326530279050402,0.33764367816091956,1,1,1,1,2,2,2.0,1,1.0,2.0,2,1,1,1,2.0,0.5221238938053097,0.0565,acr1101,grid=[1]_threads=2,inf
0.0,11.75,0.4051724137931034,2,2,8,4.0,1,1,1.0,0,0,1,2,2,2.0,NEAREST_NEIGHBOR,1,0,1,4,1,min,1,3,0.5,1.0,0.8333333333333334,0.23570226039551584,49,3,16.333333333333332,1,1.0,1,0.3333333333333333,1,0,0.41666645833343746,0.16326530279050402,0.33764367816091956,2,1,1,1,2,4,2.0,2,1.0,2.0,4,1,1,1,2.0,0.22484756097560973,0.1312,acr1101,grid=[2]_threads=2,inf
0.0,11.75,0.4051724137931034,2,2,8,4.0,1,1,1.0,0,0,1,2,2,2.0,NEAREST_NEIGHBOR,1,0,1,4,1,min,1,3,0.5,1.0,0.8333333333333334,0.23570226039551584,49,3,16.333333333333332,1,1.0,1,0.3333333333333333,1,0,0.41666645833343746,0.16326530279050402,0.33764367816091956,1,1,1,1,1,1,1.0,1,1.0,1.0,1,1,1,0,1.0,0.9218749999999999,0.032,acr1101,grid=[1]_threads=1,inf
0.0,11.75,0.4051724137931034,2,2,8,4.0,1,1,1.0,0,0,1,2,2,2.0,NEAREST_NEIGHBOR,1,0,1,4,1,min,1,3,0.5,1.0,0.8333333333333334,0.23570226039551584,49,3,16.333333333333332,1,1.0,1,0.3333333333333333,1,0,0.41666645833343746,0.16326530279050402,0.33764367816091956,1,1,1,1,2,2,2.0,1,1.0,2.0,2,1,1,1,2.0,0.9218749999999999,0.032,acr1101,grid=[1]_threads=2,inf
0.0,11.75,0.4051724137931034,2,2,8,4.0,1,1,1.0,0,0,1,2,2,2.0,NEAREST_NEIGHBOR,1,0,1,4,1,min,1,3,0.5,1.0,0.8333333333333334,0.23570226039551584,49,3,16.333333333333332,1,1.0,1,0.3333333333333333,1,0,0.41666645833343746,0.16326530279050402,0.33764367816091956,2,1,1,1,2,4,2.0,2,1.0,2.0,4,1,1,1,2.0,0.3430232558139535,0.086,acr1101,grid=[2]_threads=2,inf
0.0,11.75,0.4051724137931034,2,2,8,4.0,1,1,1.0,0,0,1,2,2,2.0,NEAREST_NEIGHBOR,1,0,1,4,1,min,1,3,0.5,1.0,0.8333333333333334,0.23570226039551584,49,3,16.333333333333332,1,1.0,1,0.3333333333333333,1,0,0.41666645833343746,0.16326530279050402,0.33764367816091956,1,1,1,1,1,1,1.0,1,1.0,1.0,1,1,1,0,1.0,0.9866220735785953,0.0299,acr1101,grid=[1]_threads=1,inf
0.0,11.75,0.4051724137931034,2,2,8,4.0,1,1,1.0,0,0,1,2,2,2.0,NEAREST_NEIGHBOR,1,0,1,4,1,min,1,3,0.5,1.0,0.8333333333333334,0.23570226039551584,49,3,16.333333333333332,1,1.0,1,0.3333333333333333,1,0,0.41666645833343746,0.16326530279050402,0.33764367816091956,1,1,1,1,2,2,2.0,1,1.0,2.0,2,1,1,1,2.0,0.7845744680851063,0.0376,acr1101,grid=[1]_threads=2,inf
0.0,11.75,0.4051724137931034,2,2,8,4.0,1,1,1.0,0,0,1,2,2,2.0,NEAREST_NEIGHBOR,1,0,1,4,1,min,1,3,0.5,1.0,0.8333333333333334,0.23570226039551584,49,3,16.333333333333332,1,1.0,1,0.3333333333333333,1,0,0.41666645833343746,0.16326530279050402,0.33764367816091956,2,1,1,1,2,4,2.0,2,1.0,2.0,4,1,1,1,2.0,0.03464067637388445,0.8516,acr1101,grid=[2]_threads=2,inf
0.0,11.75,0.4051724137931034,2,2,8,4.0,1,1,1.0,0,0,1,2,2,2.0,NEAREST_NEIGHBOR,1,0,1,4,1,min,1,3,0.5,1.0,0.8333333333333334,0.23570226039551584,49,3,16.333333333333332,1,1.0,1,0.3333333333333333,1,0,0.41666645833343746,0.16326530279050402,0.33764367816091956,1,1,1,1,1,1,1.0,1,1.0,1.0,1,1,1,0,1.0,0.9866220735785953,0.0299,acr1101,grid=[1]_threads=1,inf
0.0,11.75,0.4051724137931034,2,2,8,4.0,1,1,1.0,0,0,1,2,2,2.0,NEAREST_NEIGHBOR,1,0,1,4,1,min,1,3,0.5,1.0,0.8333333333333334,0.23570226039551584,49,3,16.333333333333332,1,1.0,1,0.3333333333333333,1,0,0.41666645833343746,0.16326530279050402,0.33764367816091956,1,1,1,1,2,2,2.0,1,1.0,2.0,2,1,1,1,2.0,0.7356608478802993,0.0401,acr1101,grid=[1]_threads=2,inf
0.0,11.75,0.4051724137931034,2,2,8,4.0,1,1,1.0,0,0,1,2,2,2.0,NEAREST_NEIGHBOR,1,0,1,4,1,min,1,3,0.5,1.0,0.8333333333333334,0.23570226039551584,49,3,16.333333333333332,1,1.0,1,0.3333333333333333,1,0,0.41666645833343746,0.16326530279050402,0.33764367816091956,2,1,1,1,2,4,2.0,2,1.0,2.0,4,1,1,1,2.0,0.3333333333333333,0.0885,acr1101,grid=[2]_threads=2,inf
0.0,11.75,0.4051724137931034,2,2,8,4.0,1,1,1.0,0,0,1,2,2,2.0,NEAREST_NEIGHBOR,1,0,1,4,1,min,1,3,0.5,1.0,0.8333333333333334,0.23570226039551584,49,3,16.333333333333332,1,1.0,1,0.3333333333333333,1,0,0.41666645833343746,0.16326530279050402,0.33764367816091956,1,1,1,1,1,1,1.0,1,1.0,1.0,1,1,1,0,1.0,0.5841584158415841,0.0505,acr1101,grid=[1]_threads=1,inf
0.0,11.75,0.4051724137931034,2,2,8,4.0,1,1,1.0,0,0,1,2,2,2.0,NEAREST_NEIGHBOR,1,0,1,4,1,min,1,3,0.5,1.0,0.8333333333333334,0.23570226039551584,49,3,16.333333333333332,1,1.0,1,0.3333333333333333,1,0,0.41666645833343746,0.16326530279050402,0.33764367816091956,1,1,1,1,2,2,2.0,1,1.0,2.0,2,1,1,1,2.0,0.528673835125448,0.0558,acr1101,grid=[1]_threads=2,inf
0.0,11.75,0.4051724137931034,2,2,8,4.0,1,1,1.0,0,0,1,2,2,2.0,NEAREST_NEIGHBOR,1,0,1,4,1,min,1,3,0.5,1.0,0.8333333333333334,0.23570226039551584,49,3,16.333333333333332,1,1.0,1,0.3333333333333333,1,0,0.41666645833343746,0.16326530279050402,0.33764367816091956,2,1,1,1,2,4,2.0,2,1.0,2.0,4,1,1,1,2.0,0.26410026857654434,0.1117,acr1101,grid=[2]_threads=2,inf
0.0,11.75,0.4051724137931034,2,2,8,4.0,1,1,1.0,0,0,1,2,2,2.0,NEAREST_NEIGHBOR,1,0,1,4,1,min,1,3,0.5,1.0,0.8333333333333334,0.23570226039551584,49,3,16.333333333333332,1,1.0,1,0.3333333333333333,1,0,0.41666645833343746,0.16326530279050402,0.33764367816091956,1,1,1,1,1,1,1.0,1,1.0,1.0,1,1,1,0,1.0,0.9899328859060402,0.0298,acr1101,grid=[1]_threads=1,inf
0.0,11.75,0.4051724137931034,2,2,8,4.0,1,1,1.0,0,0,1,2,2,2.0,NEAREST_NEIGHBOR,1,0,1,4,1,min,1,3,0.5,1.0,0.8333333333333334,0.23570226039551584,49,3,16.333333333333332,1,1.0,1,0.3333333333333333,1,0,0.41666645833343746,0.16326530279050402,0.33764367816091956,1,1,1,1,2,2,2.0,1,1.0,2.0,2,1,1,1,2.0,0.7908847184986595,0.0373,acr1101,grid=[1]_threads=2,inf
0.0,11.75,0.4051724137931034,2,2,8,4.0,1,1,1.0,0,0,1,2,2,2.0,NEAREST_NEIGHBOR,1,0,1,4,1,min,1,3,0.5,1.0,0.8333333333333334,0.23570226039551584,49,3,16.333333333333332,1,1.0,1,0.3333333333333333,1,0,0.41666645833343746,0.16326530279050402,0.33764367816091956,2,1,1,1,2,4,2.0,2,1.0,2.0,4,1,1,1,2.0,0.33108866442199775,0.0891,acr1101,grid=[2]_threads=2,inf
0.0,20.75,0.43915343915343913,2,2,8,4.0,1,1,1.0,0,0,1,6,6,6.0,NEAREST_NEIGHBOR,1,0,1,4,1,min,1,3,0.5,1.5714285714285714,1.0238095238095237,0.43773276930595795,85,3,28.333333333333332,1,1.0,1,0.3333333333333333,1,0,0.1706348921957719,0.09411764595155711,0.44960947341899715,1,1,1,1,1,1,1.0,1,1.0,1.0,1,1,1,0,1.0,0.8790560471976401,0.0339,acr1107,grid=[1]_threads=1,inf
0.0,20.75,0.43915343915343913,2,2,8,4.0,1,1,1.0,0,0,1,6,6,6.0,NEAREST_NEIGHBOR,1,0,1,4,1,min,1,3,0.5,1.5714285714285714,1.0238095238095237,0.43773276930595795,85,3,28.333333333333332,1,1.0,1,0.3333333333333333,1,0,0.1706348921957719,0.09411764595155711,0.44960947341899715,1,1,1,1,2,2,2.0,1,1.0,2.0,2,1,1,1,2.0,0.8277777777777778,0.036,acr1107,grid=[1]_threads=2,inf
0.0,20.75,0.43915343915343913,2,2,8,4.0,1,1,1.0,0,0,1,6,6,6.0,NEAREST_NEIGHBOR,1,0,1,4,1,min,1,3,0.5,1.5714285714285714,1.0238095238095237,0.43773276930595795,85,3,28.333333333333332,1,1.0,1,0.3333333333333333,1,0,0.1706348921957719,0.09411764595155711,0.44960947341899715,2,1,1,1,2,4,2.0,2,1.0,2.0,4,1,1,1,2.0,0.3386363636363637,0.088,acr1107,grid=[2]_threads=2,inf
0.0,20.75,0.43915343915343913,2,2,8,4.0,1,1,1.0,0,0,1,6,6,6.0,NEAREST_NEIGHBOR,1,0,1,4,1,min,1,3,0.5,1.5714285714285714,1.0238095238095237,0.43773276930595795,85,3,28.333333333333332,1,1.0,1,0.3333333333333333,1,0,0.1706348921957719,0.09411764595155711,0.44960947341899715,1,1,1,1,1,1,1.0,1,1.0,1.0,1,1,1,0,1.0,0.9900332225913622,0.0301,acr1107,grid=[1]_threads=1,inf
0.0,20.75,0.43915343915343913,2,2,8,4.0,1,1,1.0,0,0,1,6,6,6.0,NEAREST_NEIGHBOR,1,0,1,4,1,min,1,3,0.5,1.5714285714285714,1.0238095238095237,0.43773276930595795,85,3,28.333333333333332,1,1.0,1,0.3333333333333333,1,0,0.1706348921957719,0.09411764595155711,0.44960947341899715,1,1,1,1,2,2,2.0,1,1.0,2.0,2,1,1,1,2.0,0.7286063569682152,0.0409,acr1107,grid=[1]_threads=2,inf
0.0,20.75,0.43915343915343913,2,2,8,4.0,1,1,1.0,0,0,1,6,6,6.0,NEAREST_NEIGHBOR,1,0,1,4,1,min,1,3,0.5,1.5714285714285714,1.0238095238095237,0.43773276930595795,85,3,28.333333333333332,1,1.0,1,0.3333333333333333,1,0,0.1706348921957719,0.09411764595155711,0.44960947341899715,2,1,1,1,2,4,2.0,2,1.0,2.0,4,1,1,1,2.0,0.33111111111111113,0.09,acr1107,grid=[2]_threads=2,inf
0.0,20.75,0.43915343915343913,2,2,8,4.0,1,1,1.0,0,0,1,6,6,6.0,NEAREST_NEIGHBOR,1,0,1,4,1,min,1,3,0.5,1.5714285714285714,1.0238095238095237,0.43773276930595795,85,3,28.333333333333332,1,1.0,1,0.3333333333333333,1,0,0.1706348921957719,0.09411764595155711,0.44960947341899715,1,1,1,1,1,1,1.0,1,1.0,1.0,1,1,1,0,1.0,0.9867549668874172,0.0302,acr1107,grid=[1]_threads=1,inf
0.0,20.75,0.43915343915343913,2,2,8,4.0,1,1,1.0,0,0,1,6,6,6.0,NEAREST_NEIGHBOR,1,0,1,4,1,min,1,3,0.5,1.5714285714285714,1.0238095238095237,0.43773276930595795,85,3,28.333333333333332,1,1.0,1,0.3333333333333333,1,0,0.1706348921957719,0.09411764595155711,0.44960947341899715,1,1,1,1,2,2,2.0,1,1.0,2.0,2,1,1,1,2.0,0.7061611374407583,0.0422,acr1107,grid=[1]_threads=2,inf
0.0,20.75,0.43915343915343913,2,2,8,4.0,1,1,1.0,0,0,1,6,6,6.0,NEAREST_NEIGHBOR,1,0,1,4,1,min,1,3,0.5,1.5714285714285714,1.0238095238095237,0.43773276930595795,85,3,28.333333333333332,1,1.0,1,0.3333333333333333,1,0,0.1706348921957719,0.09411764595155711,0.44960947341899715,2,1,1,1,2,4,2.0,2,1.0,2.0,4,1,1,1,2.0,0.16760404949381327,0.1778,acr1107,grid=[2]_threads=2,inf
0.0,20.75,0.43915343915343913,2,2,8,4.0,1,1,1.0,0,0,1,6,6,6.0,NEAREST_NEIGHBOR,1,0,1,4,1,min,1,3,0.5,1.5714285714285714,1.0238095238095237,0.43773276930595795,85,3,28.333333333333332,1,1.0,1,0.3333333333333333,1,0,0.1706348921957719,0.09411764595155711,0.44960947341899715,1,1,1,1,1,1,1.0,1,1.0,1.0,1,1,1,0,1.0,0.9551282051282052,0.0312,acr1107,grid=[1]_threads=1,inf
0.0,20.75,0.43915343915343913,2,2,8,4.0,1,1,1.0,0,0,1,6,6,6.0,NEAREST_NEIGHBOR,1,0,1,4,1,min,1,3,0.5,1.5714285714285714,1.0238095238095237,0.43773276930595795,85,3,28.333333333333332,1,1.0,1,0.3333333333333333,1,0,0.1706348921957719,0.09411764595155711,0.44960947341899715,1,1,1,1,2,2,2.0,1,1.0,2.0,2,1,1,1,2.0,0.7946666666666667,0.0375,acr1107,grid=[1]_threads=2,inf
0.0,20.75,0.43915343915343913,2,2,8,4.0,1,1,1.0,0,0,1,6,6,6.0,NEAREST_NEIGHBOR,1,0,1,4,1,min,1,3,0.5,1.5714285714285714,1.0238095238095237,0.43773276930595795,85,3,28.333333333333332,1,1.0,1,0.3333333333333333,1,0,0.1706348921957719,0.09411764595155711,0.44960947341899715,2,1,1,1,2,4,2.0,2,1.0,2.0,4,1,1,1,2.0,0.09412507896399243,0.3166,acr1107,grid=[2]_threads=2,inf
0.0,20.75,0.43915343915343913,2,2,8,4.0,1,1,1.0,0,0,1,6,6,6.0,NEAREST_NEIGHBOR,1,0,1,4,1,min,1,3,0.5,1.5714285714285714,1.0238095238095237,0.43773276930595795,85,3,28.333333333333332,1,1.0,1,0.3333333333333333,1,0,0.1706348921957719,0.09411764595155711,0.44960947341899715,1,1,1,1,1,1,1.0,1,1.0,1.0,1,1,1,0,1.0,1.0,0.0298,acr1107,grid=[1]_threads=1,inf
0.0,20.75,0.43915343915343913,2,2,8,4.0,1,1,1.0,0,0,1,6,6,6.0,NEAREST_NEIGHBOR,1,0,1,4,1,min,1,3,0.5,1.5714285714285714,1.0238095238095237,0.43773276930595795,85,3,28.333333333333332,1,1.0,1,0.3333333333333333,1,0,0.1706348921957719,0.09411764595155711,0.44960947341899715,1,1,1,1,1,1,1.0,1,1.0,1.0,1,1,1,0,1.0,0.9706840390879479,0.0307,acr1107,grid=[1]_threads=1,inf
0.0,20.75,0.43915343915343913,2,2,8,4.0,1,1,1.0,0,0,1,6,6,6.0,NEAREST_NEIGHBOR,1,0,1,4,1,min,1,3,0.5,1.5714285714285714,1.0238095238095237,0.43773276930595795,85,3,28.333333333333332,1,1.0,1,0.3333333333333333,1,0,0.1706348921957719,0.09411764595155711,0.44960947341899715,1,1,1,1,2,2,2.0,1,1.0,2.0,2,1,1,1,2.0,0.7700258397932817,0.0387,acr1107,grid=[1]_threads=2,inf
0.0,20.75,0.43915343915343913,2,2,8,4.0,1,1,1.0,0,0,1,6,6,6.0,NEAREST_NEIGHBOR,1,0,1,4,1,min,1,3,0.5,1.5714285714285714,1.0238095238095237,0.43773276930595795,85,3,28.333333333333332,1,1.0,1,0.3333333333333333,1,0,0.1706348921957719,0.09411764595155711,0.44960947341899715,2,1,1,1,2,4,2.0,2,1.0,2.0,4,1,1,1,2.0,0.33147942157953286,0.0899,acr1107,grid=[2]_threads=2,inf
0.0,20.75,0.43915343915343913,2,2,8,4.0,1,1,1.0,0,0,1,6,6,6.0,NEAREST_NEIGHBOR,1,0,1,4,1,min,1,3,0.5,1.5714285714285714,1.0238095238095237,0.43773276930595795,85,3,28.333333333333332,1,1.0,1,0.3333333333333333,1,0,0.1706348921957719,0.09411764595155711,0.44960947341899715,1,1,1,1,1,1,1.0,1,1.0,1.0,1,1,1,0,1.0,0.884272997032641,0.0337,acr1107,grid=[1]_threads=1,inf
0.0,20.75,0.43915343915343913,2,2,8,4.0,1,1,1.0,0,0,1,6,6,6.0,NEAREST_NEIGHBOR,1,0,1,4,1,min,1,3,0.5,1.5714285714285714,1.0238095238095237,0.43773276930595795,85,3,28.333333333333332,1,1.0,1,0.3333333333333333,1,0,0.1706348921957719,0.09411764595155711,0.44960947341899715,1,1,1,1,2,2,2.0,1,1.0,2.0,2,1,1,1,2.0,0.7163461538461539,0.0416,acr1107,grid=[1]_threads=2,inf
0.0,20.75,0.43915343915343913,2,2,8,4.0,1,1,1.0,0,0,1,6,6,6.0,NEAREST_NEIGHBOR,1,0,1,4,1,min,1,3,0.5,1.5714285714285714,1.0238095238095237,0.43773276930595795,85,3,28.333333333333332,1,1.0,1,0.3333333333333333,1,0,0.1706348921957719,0.09411764595155711,0.44960947341899715,2,1,1,1,2,4,2.0,2,1.0,2.0,4,1,1,1,2.0,0.2994974874371859,0.0995,acr1107,grid=[2]_threads=2,inf
0.0,20.75,0.43915343915343913,2,2,8,4.0,1,1,1.0,0,0,1,6,6,6.0,NEAREST_NEIGHBOR,1,0,1,4,1,min,1,3,0.5,1.5714285714285714,1.0238095238095237,0.43773276930595795,85,3,28.333333333333332,1,1.0,1,0.3333333333333333,1,0,0.1706348921957719,0.09411764595155711,0.44960947341899715,1,1,1,1,1,1,1.0,1,1.0,1.0,1,1,1,0,1.0,0.9612903225806452,0.031,acr1107,grid=[1]_threads=1,inf
0.0,20.75,0.43915343915343913,2,2,8,4.0,1,1,1.0,0,0,1,6,6,6.0,NEAREST_NEIGHBOR,1,0,1,4,1,min,1,3,0.5,1.5714285714285714,1.0238095238095237,0.43773276930595795,85,3,28.333333333333332,1,1.0,1,0.3333333333333333,1,0,0.1706348921957719,0.09411764595155711,0.44960947341899715,1,1,1,1,2,2,2.0,1,1.0,2.0,2,1,1,1,2.0,0.7563451776649747,0.0394,acr1107,grid=[1]_threads=2,inf
0.0,20.75,0.43915343915343913,2,2,8,4.0,1,1,1.0,0,0,1,6,6,6.0,NEAREST_NEIGHBOR,1,0,1,4,1,min,1,3,0.5,1.5714285714285714,1.0238095238095237,0.43773276930595795,85,3,28.333333333333332,1,1.0,1,0.3333333333333333,1,0,0.1706348921957719,0.09411764595155711,0.44960947341899715,2,1,1,1,2,4,2.0,2,1.0,2.0,4,1,1,1,2.0,0.33147942157953286,0.0899,acr1107,grid=[2]_threads=2,inf
0.0,20.75,0.43915343915343913,2,2,8,4.0,1,1,1.0,0,0,1,6,6,6.0,NEAREST_NEIGHBOR,1,0,1,4,1,min,1,3,0.5,1.5714285714285714,1.0238095238095237,0.43773276930595795,85,3,28.333333333333332,1,1.0,1,0.3333333333333333,1,0,0.1706348921957719,0.09411764595155711,0.44960947341899715,1,1,1,1,1,1,1.0,1,1.0,1.0,1,1,1,0,1.0,0.863768115942029,0.0345,acr1107,grid=[1]_threads=1,inf
0.0,20.75,0.43915343915343913,2,2,8,4.0,1,1,1.0,0,0,1,6,6,6.0,NEAREST_NEIGHBOR,1,0,1,4,1,min,1,3,0.5,1.5714285714285714,1.0238095238095237,0.43773276930595795,85,3,28.333333333333332,1,1.0,1,0.3333333333333333,1,0,0.1706348921957719,0.09411764595155711,0.44960947341899715,1,1,1,1,2,2,2.0,1,1.0,2.0,2,1,1,1,2.0,0.6772727272727274,0.044,acr1107,grid=[1]_threads=2,inf
0.0,20.75,0.43915343915343913,2,2,8,4.0,1,1,1.0,0,0,1,6,6,6.0,NEAREST_NEIGHBOR,1,0,1,4,1,min,1,3,0.5,1.5714285714285714,1.0238095238095237,0.43773276930595795,85,3,28.333333333333332,1,1.0,1,0.3333333333333333,1,0,0.1706348921957719,0.09411764595155711,0.44960947341899715,2,1,1,1,2,4,2.0,2,1.0,2.0,4,1,1,1,2.0,0.301314459049545,0.0989,acr1107,grid=[2]_threads=2,inf
0.0,23.0,0.42790697674418604,2,2,8,4.0,1,1,1.0,0,0,1,2,2,2.0,NEAREST_NEIGHBOR,1,0,1,4,1,min,1,3,0.5,1.0,0.8333333333333334,0.23570226039551584,94,3,31.333333333333332,1,1.0,1,0.3333333333333333,1,0,0.41666645833343746,0.08510638207333636,0.35658914728682173,1,1,1,1,1,1,1.0,1,1.0,1.0,1,1,1,0,1.0,0.9467084639498433,0.0319,acr1105,grid=[1]_threads=1,inf
0.0,23.0,0.42790697674418604,2,2,8,4.0,1,1,1.0,0,0,1,2,2,2.0,NEAREST_NEIGHBOR,1,0,1,4,1,min,1,3,0.5,1.0,0.8333333333333334,0.23570226039551584,94,3,31.333333333333332,1,1.0,1,0.3333333333333333,1,0,0.41666645833343746,0.08510638207333636,0.35658914728682173,1,1,1,1,2,2,2.0,1,1.0,2.0,2,1,1,1,2.0,0.7968337730870712,0.0379,acr1105,grid=[1]_threads=2,inf
0.0,23.0,0.42790697674418604,2,2,8,4.0,1,1,1.0,0,0,1,2,2,2.0,NEAREST_NEIGHBOR,1,0,1,4,1,min,1,3,0.5,1.0,0.8333333333333334,0.23570226039551584,94,3,31.333333333333332,1,1.0,1,0.3333333333333333,1,0,0.41666645833343746,0.08510638207333636,0.35658914728682173,2,1,1,1,2,4,2.0,2,1.0,2.0,4,1,1,1,2.0,0.3532163742690058,0.0855,acr1105,grid=[2]_threads=2,inf
0.0,23.0,0.42790697674418604,2,2,8,4.0,1,1,1.0,0,0,1,2,2,2.0,NEAREST_NEIGHBOR,1,0,1,4,1,min,1,3,0.5,1.0,0.8333333333333334,0.23570226039551584,94,3,31.333333333333332,1,1.0,1,0.3333333333333333,1,0,0.41666645833343746,0.08510638207333636,0.35658914728682173,1,1,1,1,1,1,1.0,1,1.0,1.0,1,1,1,0,1.0,0.9041916167664671,0.0334,acr1105,grid=[1]_threads=1,inf
0.0,23.0,0.42790697674418604,2,2,8,4.0,1,1,1.0,0,0,1,2,2,2.0,NEAREST_NEIGHBOR,1,0,1,4,1,min,1,3,0.5,1.0,0.8333333333333334,0.23570226039551584,94,3,31.333333333333332,1,1.0,1,0.3333333333333333,1,0,0.41666645833343746,0.08510638207333636,0.35658914728682173,1,1,1,1,2,2,2.0,1,1.0,2.0,2,1,1,1,2.0,0.798941798941799,0.0378,acr1105,grid=[1]_threads=2,inf
0.0,23.0,0.42790697674418604,2,2,8,4.0,1,1,1.0,0,0,1,2,2,2.0,NEAREST_NEIGHBOR,1,0,1,4,1,min,1,3,0.5,1.0,0.8333333333333334,0.23570226039551584,94,3,31.333333333333332,1,1.0,1,0.3333333333333333,1,0,0.41666645833343746,0.08510638207333636,0.35658914728682173,2,1,1,1,2,4,2.0,2,1.0,2.0,4,1,1,1,2.0,0.26796805678793256,0.1127,acr1105,grid=[2]_threads=2,inf
0.0,23.0,0.42790697674418604,2,2,8,4.0,1,1,1.0,0,0,1,2,2,2.0,NEAREST_NEIGHBOR,1,0,1,4,1,min,1,3,0.5,1.0,0.8333333333333334,0.23570226039551584,94,3,31.333333333333332,1,1.0,1,0.3333333333333333,1,0,0.41666645833343746,0.08510638207333636,0.35658914728682173,1,1,1,1,1,1,1.0,1,1.0,1.0,1,1,1,0,1.0,1.0,0.0302,acr1105,grid=[1]_threads=1,inf
0.0,23.0,0.42790697674418604,2,2,8,4.0,1,1,1.0,0,0,1,2,2,2.0,NEAREST_NEIGHBOR,1,0,1,4,1,min,1,3,0.5,1.0,0.8333333333333334,0.23570226039551584,94,3,31.333333333333332,1,1.0,1,0.3333333333333333,1,0,0.41666645833343746,0.08510638207333636,0.35658914728682173,1,1,1,1,2,2,2.0,1,1.0,2.0,2,1,1,1,2.0,0.6786516853932585,0.0445,acr1105,grid=[1]_threads=2,inf
0.0,23.0,0.42790697674418604,2,2,8,4.0,1,1,1.0,0,0,1,2,2,2.0,NEAREST_NEIGHBOR,1,0,1,4,1,min,1,3,0.5,1.0,0.8333333333333334,0.23570226039551584,94,3,31.333333333333332,1,1.0,1,0.3333333333333333,1,0,0.41666645833343746,0.08510638207333636,0.35658914728682173,2,1,1,1,2,4,2.0,2,1.0,2.0,4,1,1,1,2.0,0.2957884427032321,0.1021,acr1105,grid=[2]_threads=2,inf
0.0,23.0,0.42790697674418604,2,2,8,4.0,1,1,1.0,0,0,1,2,2,2.0,NEAREST_NEIGHBOR,1,0,1,4,1,min,1,3,0.5,1.0,0.8333333333333334,0.23570226039551584,94,3,31.333333333333332,1,1.0,1,0.3333333333333333,1,0,0.41666645833343746,0.08510638207333636,0.35658914728682173,1,1,1,1,1,1,1.0,1,1.0,1.0,1,1,1,0,1.0,0.9587301587301588,0.0315,acr1105,grid=[1]_threads=1,inf
0.0,23.0,0.42790697674418604,2,2,8,4.0,1,1,1.0,0,0,1,2,2,2.0,NEAREST_NEIGHBOR,1,0,1,4,1,min,1,3,0.5,1.0,0.8333333333333334,0.23570226039551584,94,3,31.333333333333332,1,1.0,1,0.3333333333333333,1,0,0.41666645833343746,0.08510638207333636,0.35658914728682173,1,1,1,1,2,2,2.0,1,1.0,2.0,2,1,1,1,2.0,0.7885117493472585,0.0383,acr1105,grid=[1]_threads=2,inf
0.0,23.0,0.42790697674418604,2,2,8,4.0,1,1,1.0,0,0,1,2,2,2.0,NEAREST_NEIGHBOR,1,0,1,4,1,min,1,3,0.5,1.0,0.8333333333333334,0.23570226039551584,94,3,31.333333333333332,1,1.0,1,0.3333333333333333,1,0,0.41666645833343746,0.08510638207333636,0.35658914728682173,2,1,1,1,2,4,2.0,2,1.0,2.0,4,1,1,1,2.0,0.34832756632064593,0.0867,acr1105,grid=[2]_threads=2,inf
0.0,23.0,0.42790697674418604,2,2,8,4.0,1,1,1.0,0,0,1,2,2,2.0,NEAREST_NEIGHBOR,1,0,1,4,1,min,1,3,0.5,1.0,0.8333333333333334,0.23570226039551584,94,3,31.333333333333332,1,1.0,1,0.3333333333333333,1,0,0.41666645833343746,0.08510638207333636,0.35658914728682173,1,1,1,1,1,1,1.0,1,1.0,1.0,1,1,1,0,1.0,0.9349845201238389,0.0323,acr1105,grid=[1]_threads=1,inf
0.0,23.0,0.42790697674418604,2,2,8,4.0,1,1,1.0,0,0,1,2,2,2.0,NEAREST_NEIGHBOR,1,0,1,4,1,min,1,3,0.5,1.0,0.8333333333333334,0.23570226039551584,94,3,31.333333333333332,1,1.0,1,0.3333333333333333,1,0,0.41666645833343746,0.08510638207333636,0.35658914728682173,1,1,1,1,2,2,2.0,1,1.0,2.0,2,1,1,1,2.0,0.7823834196891192,0.0386,acr1105,grid=[1]_threads=2,inf
0.0,23.0,0.42790697674418604,2,2,8,4.0,1,1,1.0,0,0,1,2,2,2.0,NEAREST_NEIGHBOR,1,0,1,4,1,min,1,3,0.5,1.0,0.8333333333333334,0.23570226039551584,94,3,31.333333333333332,1,1.0,1,0.3333333333333333,1,0,0.41666645833343746,0.08510638207333636,0.35658914728682173,2,1,1,1,2,4,2.0,2,1.0,2.0,4,1,1,1,2.0,0.334070796460177,0.0904,acr1105,grid=[2]_threads=2,inf
0.0,23.0,0.42790697674418604,2,2,8,4.0,1,1,1.0,0,0,1,2,2,2.0,NEAREST_NEIGHBOR,1,0,1,4,1,min,1,3,0.5,1.0,0.8333333333333334,0.23570226039551584,94,3,31.333333333333332,1,1.0,1,0.3333333333333333,1,0,0.41666645833343746,0.08510638207333636,0.35658914728682173,1,1,1,1,1,1,1.0,1,1.0,1.0,1,1,1,0,1.0,0.993421052631579,0.0304,acr1105,grid=[1]_threads=1,inf
0.0,23.0,0.42790697674418604,2,2,8,4.0,1,1,1.0,0,0,1,2,2,2.0,NEAREST_NEIGHBOR,1,0,1,4,1,min,1,3,0.5,1.0,0.8333333333333334,0.23570226039551584,94,3,31.333333333333332,1,1.0,1,0.3333333333333333,1,0,0.41666645833343746,0.08510638207333636,0.35658914728682173,1,1,1,1,2,2,2.0,1,1.0,2.0,2,1,1,1,2.0,0.8053333333333333,0.0375,acr1105,grid=[1]_threads=2,inf
0.0,23.0,0.42790697674418604,2,2,8,4.0,1,1,1.0,0,0,1,2,2,2.0,NEAREST_NEIGHBOR,1,0,1,4,1,min,1,3,0.5,1.0,0.8333333333333334,0.23570226039551584,94,3,31.333333333333332,1,1.0,1,0.3333333333333333,1,0,0.41666645833343746,0.08510638207333636,0.35658914728682173,2,1,1,1,2,4,2.0,2,1.0,2.0,4,1,1,1,2.0,0.3366778149386845,0.0897,acr1105,grid=[2]_threads=2,inf
0.0,23.0,0.42790697674418604,2,2,8,4.0,1,1,1.0,0,0,1,2,2,2.0,NEAREST_NEIGHBOR,1,0,1,4,1,min,1,3,0.5,1.0,0.8333333333333334,0.23570226039551584,94,3,31.333333333333332,1,1.0,1,0.3333333333333333,1,0,0.41666645833343746,0.08510638207333636,0.35658914728682173,1,1,1,1,1,1,1.0,1,1.0,1.0,1,1,1,0,1.0,0.8961424332344213,0.0337,acr1105,grid=[1]_threads=1,inf
0.0,23.0,0.42790697674418604,2,2,8,4.0,1,1,1.0,0,0,1,2,2,2.0,NEAREST_NEIGHBOR,1,0,1,4,1,min,1,3,0.5,1.0,0.8333333333333334,0.23570226039551584,94,3,31.333333333333332,1,1.0,1,0.3333333333333333,1,0,0.41666645833343746,0.08510638207333636,0.35658914728682173,1,1,1,1,2,2,2.0,1,1.0,2.0,2,1,1,1,2.0,0.7105882352941176,0.0425,acr1105,grid=[1]_threads=2,inf
0.0,23.0,0.42790697674418604,2,2,8,4.0,1,1,1.0,0,0,1,2,2,2.0,NEAREST_NEIGHBOR,1,0,1,4,1,min,1,3,0.5,1.0,0.8333333333333334,0.23570226039551584,94,3,31.333333333333332,1,1.0,1,0.3333333333333333,1,0,0.41666645833343746,0.08510638207333636,0.35658914728682173,2,1,1,1,2,4,2.0,2,1.0,2.0,4,1,1,1,2.0,0.26964285714285713,0.112,acr1105,grid=[2]_threads=2,inf
0.0,23.0,0.42790697674418604,2,2,8,4.0,1,1,1.0,0,0,1,2,2,2.0,NEAREST_NEIGHBOR,1,0,1,4,1,min,1,3,0.5,1.0,0.8333333333333334,0.23570226039551584,94,3,31.333333333333332,1,1.0,1,0.3333333333333333,1,0,0.41666645833343746,0.08510638207333636,0.35658914728682173,1,1,1,1,1,1,1.0,1,1.0,1.0,1,1,1,0,1.0,0.9805194805194806,0.0308,acr1105,grid=[1]_threads=1,inf
0.0,23.0,0.42790697674418604,2,2,8,4.0,1,1,1.0,0,0,1,2,2,2.0,NEAREST_NEIGHBOR,1,0,1,4,1,min,1,3,0.5,1.0,0.8333333333333334,0.23570226039551584,94,3,31.333333333333332,1,1.0,1,0.3333333333333333,1,0,0.41666645833343746,0.08510638207333636,0.35658914728682173,1,1,1,1,2,2,2.0,1,1.0,2.0,2,1,1,1,2.0,0.8140161725067385,0.0371,acr1105,grid=[1]_threads=2,inf
0.0,23.0,0.42790697674418604,2,2,8,4.0,1,1,1.0,0,0,1,2,2,2.0,NEAREST_NEIGHBOR,1,0,1,4,1,min,1,3,0.5,1.0,0.8333333333333334,0.23570226039551584,94,3,31.333333333333332,1,1.0,1,0.3333333333333333,1,0,0.41666645833343746,0.08510638207333636,0.35658914728682173,2,1,1,1,2,4,2.0,2,1.0,2.0,4,1,1,1,2.0,0.34047350620067646,0.0887,acr1105,grid=[2]_threads=2,inf
0.0,23.0,0.42790697674418604,2,2,8,4.0,1,1,1.0,0,0,1,2,2,2.0,NEAREST_NEIGHBOR,1,0,1,4,1,min,1,3,0.5,1.0,0.8333333333333334,0.23570226039551584,94,3,31.333333333333332,1,1.0,1,0.3333333333333333,1,0,0.41666645833343746,0.08510638207333636,0.35658914728682173,1,1,1,1,1,1,1.0,1,1.0,1.0,1,1,1,0,1.0,0.8140161725067385,0.0371,acr1105,grid=[1]_threads=1,inf
0.0,23.0,0.42790697674418604,2,2,8,4.0,1,1,1.0,0,0,1,2,2,2.0,NEAREST_NEIGHBOR,1,0,1,4,1,min,1,3,0.5,1.0,0.8333333333333334,0.23570226039551584,94,3,31.333333333333332,1,1.0,1,0.3333333333333333,1,0,0.41666645833343746,0.08510638207333636,0.35658914728682173,1,1,1,1,2,2,2.0,1,1.0,2.0,2,1,1,1,2.0,0.7587939698492462,0.0398,acr1105,grid=[1]_threads=2,inf
0.0,23.0,0.42790697674418604,2,2,8,4.0,1,1,1.0,0,0,1,2,2,2.0,NEAREST_NEIGHBOR,1,0,1,4,1,min,1,3,0.5,1.0,0.8333333333333334,0.23570226039551584,94,3,31.333333333333332,1,1.0,1,0.3333333333333333,1,0,0.41666645833343746,0.08510638207333636,0.35658914728682173,2,1,1,1,2,4,2.0,2,1.0,2.0,4,1,1,1,2.0,0.3175604626708728,0.0951,acr1105,grid=[2]_threads=2,inf
0.0,22.25,0.42891566265060244,2,2,8,4.0,1,1,1.0,0,0,1,4,4,4.0,NEAREST_NEIGHBOR,1,0,1,4,1,min,1,3,0.5,1.4,0.9666666666666667,0.3681787005729087,91,3,30.333333333333332,1,1.0,1,0.3333333333333333,1,0,0.2416666062500151,0.08791208694602103,0.4146184738955824,1,1,1,1,1,1,1.0,1,1.0,1.0,1,1,1,0,1.0,0.896969696969697,0.033,acr1104,grid=[1]_threads=1,inf
0.0,22.25,0.42891566265060244,2,2,8,4.0,1,1,1.0,0,0,1,4,4,4.0,NEAREST_NEIGHBOR,1,0,1,4,1,min,1,3,0.5,1.4,0.9666666666666667,0.3681787005729087,91,3,30.333333333333332,1,1.0,1,0.3333333333333333,1,0,0.2416666062500151,0.08791208694602103,0.4146184738955824,1,1,1,1,2,2,2.0,1,1.0,2.0,2,1,1,1,2.0,0.751269035532995,0.0394,acr1104,grid=[1]_threads=2,inf
0.0,22.25,0.42891566265060244,2,2,8,4.0,1,1,1.0,0,0,1,4,4,4.0,NEAREST_NEIGHBOR,1,0,1,4,1,min,1,3,0.5,1.4,0.9666666666666667,0.3681787005729087,91,3,30.333333333333332,1,1.0,1,0.3333333333333333,1,0,0.2416666062500151,0.08791208694602103,0.4146184738955824,2,1,1,1,2,4,2.0,2,1.0,2.0,4,1,1,1,2.0,0.3203463203463204,0.0924,acr1104,grid=[2]_threads=2,inf
0.0,22.25,0.42891566265060244,2,2,8,4.0,1,1,1.0,0,0,1,4,4,4.0,NEAREST_NEIGHBOR,1,0,1,4,1,min,1,3,0.5,1.4,0.9666666666666667,0.3681787005729087,91,3,30.333333333333332,1,1.0,1,0.3333333333333333,1,0,0.2416666062500151,0.08791208694602103,0.4146184738955824,1,1,1,1,1,1,1.0,1,1.0,1.0,1,1,1,0,1.0,0.9308176100628931,0.0318,acr1104,grid=[1]_threads=1,inf
0.0,22.25,0.42891566265060244,2,2,8,4.0,1,1,1.0,0,0,1,4,4,4.0,NEAREST_NEIGHBOR,1,0,1,4,1,min,1,3,0.5,1.4,0.9666666666666667,0.3681787005729087,91,3,30.333333333333332,1,1.0,1,0.3333333333333333,1,0,0.2416666062500151,0.08791208694602103,0.4146184738955824,1,1,1,1,2,2,2.0,1,1.0,2.0,2,1,1,1,2.0,0.2848893166506256,0.1039,acr1104,grid=[1]_threads=2,inf
0.0,22.25,0.42891566265060244,2,2,8,4.0,1,1,1.0,0,0,1,4,4,4.0,NEAREST_NEIGHBOR,1,0,1,4,1,min,1,3,0.5,1.4,0.9666666666666667,0.3681787005729087,91,3,30.333333333333332,1,1.0,1,0.3333333333333333,1,0,0.2416666062500151,0.08791208694602103,0.4146184738955824,2,1,1,1,2,4,2.0,2,1.0,2.0,4,1,1,1,2.0,0.334841628959276,0.0884,acr1104,grid=[2]_threads=2,inf
0.0,22.25,0.42891566265060244,2,2,8,4.0,1,1,1.0,0,0,1,4,4,4.0,NEAREST_NEIGHBOR,1,0,1,4,1,min,1,3,0.5,1.4,0.9666666666666667,0.3681787005729087,91,3,30.333333333333332,1,1.0,1,0.3333333333333333,1,0,0.2416666062500151,0.08791208694602103,0.4146184738955824,1,1,1,1,1,1,1.0,1,1.0,1.0,1,1,1,0,1.0,0.9736842105263158,0.0304,acr1104,grid=[1]_threads=1,inf
0.0,22.25,0.42891566265060244,2,2,8,4.0,1,1,1.0,0,0,1,4,4,4.0,NEAREST_NEIGHBOR,1,0,1,4,1,min,1,3,0.5,1.4,0.9666666666666667,0.3681787005729087,91,3,30.333333333333332,1,1.0,1,0.3333333333333333,1,0,0.2416666062500151,0.08791208694602103,0.4146184738955824,1,1,1,1,2,2,2.0,1,1.0,2.0,2,1,1,1,2.0,0.5747572815533981,0.0515,acr1104,grid=[1]_threads=2,inf
0.0,22.25,0.42891566265060244,2,2,8,4.0,1,1,1.0,0,0,1,4,4,4.0,NEAREST_NEIGHBOR,1,0,1,4,1,min,1,3,0.5,1.4,0.9666666666666667,0.3681787005729087,91,3,30.333333333333332,1,1.0,1,0.3333333333333333,1,0,0.2416666062500151,0.08791208694602103,0.4146184738955824,2,1,1,1,2,4,2.0,2,1.0,2.0,4,1,1,1,2.0,0.34062140391254314,0.0869,acr1104,grid=[2]_threads=2,inf
0.0,22.25,0.42891566265060244,2,2,8,4.0,1,1,1.0,0,0,1,4,4,4.0,NEAREST_NEIGHBOR,1,0,1,4,1,min,1,3,0.5,1.4,0.9666666666666667,0.3681787005729087,91,3,30.333333333333332,1,1.0,1,0.3333333333333333,1,0,0.2416666062500151,0.08791208694602103,0.4146184738955824,1,1,1,1,1,1,1.0,1,1.0,1.0,1,1,1,0,1.0,0.8757396449704143,0.0338,acr1104,grid=[1]_threads=1,inf
0.0,22.25,0.42891566265060244,2,2,8,4.0,1,1,1.0,0,0,1,4,4,4.0,NEAREST_NEIGHBOR,1,0,1,4,1,min,1,3,0.5,1.4,0.9666666666666667,0.3681787005729087,91,3,30.333333333333332,1,1.0,1,0.3333333333333333,1,0,0.2416666062500151,0.08791208694602103,0.4146184738955824,1,1,1,1,2,2,2.0,1,1.0,2.0,2,1,1,1,2.0,0.7708333333333335,0.0384,acr1104,grid=[1]_threads=2,inf
0.0,22.25,0.42891566265060244,2,2,8,4.0,1,1,1.0,0,0,1,4,4,4.0,NEAREST_NEIGHBOR,1,0,1,4,1,min,1,3,0.5,1.4,0.9666666666666667,0.3681787005729087,91,3,30.333333333333332,1,1.0,1,0.3333333333333333,1,0,0.2416666062500151,0.08791208694602103,0.4146184738955824,2,1,1,1,2,4,2.0,2,1.0,2.0,4,1,1,1,2.0,0.3356009070294785,0.0882,acr1104,grid=[2]_threads=2,inf
0.0,22.25,0.42891566265060244,2,2,8,4.0,1,1,1.0,0,0,1,4,4,4.0,NEAREST_NEIGHBOR,1,0,1,4,1,min,1,3,0.5,1.4,0.9666666666666667,0.3681787005729087,91,3,30.333333333333332,1,1.0,1,0.3333333333333333,1,0,0.2416666062500151,0.08791208694602103,0.4146184738955824,1,1,1,1,1,1,1.0,1,1.0,1.0,1,1,1,0,1.0,0.8705882352941177,0.034,acr1104,grid=[1]_threads=1,inf
0.0,22.25,0.42891566265060244,2,2,8,4.0,1,1,1.0,0,0,1,4,4,4.0,NEAREST_NEIGHBOR,1,0,1,4,1,min,1,3,0.5,1.4,0.9666666666666667,0.3681787005729087,91,3,30.333333333333332,1,1.0,1,0.3333333333333333,1,0,0.2416666062500151,0.08791208694602103,0.4146184738955824,1,1,1,1,2,2,2.0,1,1.0,2.0,2,1,1,1,2.0,0.7308641975308642,0.0405,acr1104,grid=[1]_threads=2,inf
0.0,22.25,0.42891566265060244,2,2,8,4.0,1,1,1.0,0,0,1,4,4,4.0,NEAREST_NEIGHBOR,1,0,1,4,1,min,1,3,0.5,1.4,0.9666666666666667,0.3681787005729087,91,3,30.333333333333332,1,1.0,1,0.3333333333333333,1,0,0.2416666062500151,0.08791208694602103,0.4146184738955824,2,1,1,1,2,4,2.0,2,1.0,2.0,4,1,1,1,2.0,0.317937701396348,0.0931,acr1104,grid=[2]_threads=2,inf
0.0,22.25,0.42891566265060244,2,2,8,4.0,1,1,1.0,0,0,1,4,4,4.0,NEAREST_NEIGHBOR,1,0,1,4,1,min,1,3,0.5,1.4,0.9666666666666667,0.3681787005729087,91,3,30.333333333333332,1,1.0,1,0.3333333333333333,1,0,0.2416666062500151,0.08791208694602103,0.4146184738955824,1,1,1,1,1,1,1.0,1,1.0,1.0,1,1,1,0,1.0,0.7326732673267328,0.0404,acr1104,grid=[1]_threads=1,inf
0.0,22.25,0.42891566265060244,2,2,8,4.0,1,1,1.0,0,0,1,4,4,4.0,NEAREST_NEIGHBOR,1,0,1,4,1,min,1,3,0.5,1.4,0.9666666666666667,0.3681787005729087,91,3,30.333333333333332,1,1.0,1,0.3333333333333333,1,0,0.2416666062500151,0.08791208694602103,0.4146184738955824,1,1,1,1,2,2,2.0,1,1.0,2.0,2,1,1,1,2.0,0.8043478260869565,0.0368,acr1104,grid=[1]_threads=2,inf
0.0,22.25,0.42891566265060244,2,2,8,4.0,1,1,1.0,0,0,1,4,4,4.0,NEAREST_NEIGHBOR,1,0,1,4,1,min,1,3,0.5,1.4,0.9666666666666667,0.3681787005729087,91,3,30.333333333333332,1,1.0,1,0.3333333333333333,1,0,0.2416666062500151,0.08791208694602103,0.4146184738955824,2,1,1,1,2,4,2.0,2,1.0,2.0,4,1,1,1,2.0,0.334841628959276,0.0884,acr1104,grid=[2]_threads=2,inf
0.0,22.25,0.42891566265060244,2,2,8,4.0,1,1,1.0,0,0,1,4,4,4.0,NEAREST_NEIGHBOR,1,0,1,4,1,min,1,3,0.5,1.4,0.9666666666666667,0.3681787005729087,91,3,30.333333333333332,1,1.0,1,0.3333333333333333,1,0,0.2416666062500151,0.08791208694602103,0.4146184738955824,1,1,1,1,1,1,1.0,1,1.0,1.0,1,1,1,0,1.0,1.0,0.0296,acr1104,grid=[1]_threads=1,inf
0.0,22.25,0.42891566265060244,2,2,8,4.0,1,1,1.0,0,0,1,4,4,4.0,NEAREST_NEIGHBOR,1,0,1,4,1,min,1,3,0.5,1.4,0.9666666666666667,0.3681787005729087,91,3,30.333333333333332,1,1.0,1,0.3333333333333333,1,0,0.2416666062500151,0.08791208694602103,0.4146184738955824,1,1,1,1,2,2,2.0,1,1.0,2.0,2,1,1,1,2.0,0.6948356807511737,0.0426,acr1104,grid=[1]_threads=2,inf
0.0,22.25,0.42891566265060244,2,2,8,4.0,1,1,1.0,0,0,1,4,4,4.0,NEAREST_NEIGHBOR,1,0,1,4,1,min,1,3,0.5,1.4,0.9666666666666667,0.3681787005729087,91,3,30.333333333333332,1,1.0,1,0.3333333333333333,1,0,0.2416666062500151,0.08791208694602103,0.4146184738955824,2,1,1,1,2,4,2.0,2,1.0,2.0,4,1,1,1,2.0,0.3352208380520951,0.0883,acr1104,grid=[2]_threads=2,inf
0.0,22.25,0.42891566265060244,2,2,8,4.0,1,1,1.0,0,0,1,4,4,4.0,NEAREST_NEIGHBOR,1,0,1,4,1,min,1,3,0.5,1.4,0.9666666666666667,0.3681787005729087,91,3,30.333333333333332,1,1.0,1,0.3333333333333333,1,0,0.2416666062500151,0.08791208694602103,0.4146184738955824,1,1,1,1,1,1,1.0,1,1.0,1.0,1,1,1,0,1.0,0.9426751592356689,0.0314,acr1104,grid=[1]_threads=1,inf
0.0,22.25,0.42891566265060244,2,2,8,4.0,1,1,1.0,0,0,1,4,4,4.0,NEAREST_NEIGHBOR,1,0,1,4,1,min,1,3,0.5,1.4,0.9666666666666667,0.3681787005729087,91,3,30.333333333333332,1,1.0,1,0.3333333333333333,1,0,0.2416666062500151,0.08791208694602103,0.4146184738955824,1,1,1,1,2,2,2.0,1,1.0,2.0,2,1,1,1,2.0,0.7893333333333334,0.0375,acr1104,grid=[1]_threads=2,inf
0.0,22.25,0.42891566265060244,2,2,8,4.0,1,1,1.0,0,0,1,4,4,4.0,NEAREST_NEIGHBOR,1,0,1,4,1,min,1,3,0.5,1.4,0.9666666666666667,0.3681787005729087,91,3,30.333333333333332,1,1.0,1,0.3333333333333333,1,0,0.2416666062500151,0.08791208694602103,0.4146184738955824,2,1,1,1,2,4,2.0,2,1.0,2.0,4,1,1,1,2.0,0.334841628959276,0.0884,acr1104,grid=[2]_threads=2,inf
0.0,22.25,0.42891566265060244,2,2,8,4.0,1,1,1.0,0,0,1,4,4,4.0,NEAREST_NEIGHBOR,1,0,1,4,1,min,1,3,0.5,1.4,0.9666666666666667,0.3681787005729087,91,3,30.333333333333332,1,1.0,1,0.3333333333333333,1,0,0.2416666062500151,0.08791208694602103,0.4146184738955824,1,1,1,1,1,1,1.0,1,1.0,1.0,1,1,1,0,1.0,0.9579288025889968,0.0309,acr1104,grid=[1]_threads=1,inf
0.0,22.25,0.42891566265060244,2,2,8,4.0,1,1,1.0,0,0,1,4,4,4.0,NEAREST_NEIGHBOR,1,0,1,4,1,min,1,3,0.5,1.4,0.9666666666666667,0.3681787005729087,91,3,30.333333333333332,1,1.0,1,0.3333333333333333,1,0,0.2416666062500151,0.08791208694602103,0.4146184738955824,1,1,1,1,2,2,2.0,1,1.0,2.0,2,1,1,1,2.0,0.8131868131868132,0.0364,acr1104,grid=[1]_threads=2,inf
0.0,22.25,0.42891566265060244,2,2,8,4.0,1,1,1.0,0,0,1,4,4,4.0,NEAREST_NEIGHBOR,1,0,1,4,1,min,1,3,0.5,1.4,0.9666666666666667,0.3681787005729087,91,3,30.333333333333332,1,1.0,1,0.3333333333333333,1,0,0.2416666062500151,0.08791208694602103,0.4146184738955824,2,1,1,1,2,4,2.0,2,1.0,2.0,4,1,1,1,2.0,0.331096196868009,0.0894,acr1104,grid=[2]_threads=2,inf
0.0,24.5,0.4206008583690987,2,2,8,4.0,1,1,1.0,0,0,1,1,1,1.0,NEAREST_NEIGHBOR,1,0,1,4,1,min,1,3,0.5,1.0,0.7222222222222222,0.20786985482077452,100,3,33.333333333333336,1,1.0,1,0.3333333333333333,1,0,0.7222215000007223,0.0799999992,0.30376728659990465,1,1,1,1,1,1,1.0,1,1.0,1.0,1,1,1,0,1.0,0.9898989898989898,0.0297,acr1103,grid=[1]_threads=1,inf
0.0,24.5,0.4206008583690987,2,2,8,4.0,1,1,1.0,0,0,1,1,1,1.0,NEAREST_NEIGHBOR,1,0,1,4,1,min,1,3,0.5,1.0,0.7222222222222222,0.20786985482077452,100,3,33.333333333333336,1,1.0,1,0.3333333333333333,1,0,0.7222215000007223,0.0799999992,0.30376728659990465,1,1,1,1,2,2,2.0,1,1.0,2.0,2,1,1,1,2.0,0.6789838337182448,0.0433,acr1103,grid=[1]_threads=2,inf
0.0,24.5,0.4206008583690987,2,2,8,4.0,1,1,1.0,0,0,1,1,1,1.0,NEAREST_NEIGHBOR,1,0,1,4,1,min,1,3,0.5,1.0,0.7222222222222222,0.20786985482077452,100,3,33.333333333333336,1,1.0,1,0.3333333333333333,1,0,0.7222215000007223,0.0799999992,0.30376728659990465,2,1,1,1,2,4,2.0,2,1.0,2.0,4,1,1,1,2.0,0.3075313807531381,0.0956,acr1103,grid=[2]_threads=2,inf
0.0,24.5,0.4206008583690987,2,2,8,4.0,1,1,1.0,0,0,1,1,1,1.0,NEAREST_NEIGHBOR,1,0,1,4,1,min,1,3,0.5,1.0,0.7222222222222222,0.20786985482077452,100,3,33.333333333333336,1,1.0,1,0.3333333333333333,1,0,0.7222215000007223,0.0799999992,0.30376728659990465,1,1,1,1,1,1,1.0,1,1.0,1.0,1,1,1,0,1.0,0.9735099337748344,0.0302,acr1103,grid=[1]_threads=1,inf
0.0,24.5,0.4206008583690987,2,2,8,4.0,1,1,1.0,0,0,1,1,1,1.0,NEAREST_NEIGHBOR,1,0,1,4,1,min,1,3,0.5,1.0,0.7222222222222222,0.20786985482077452,100,3,33.333333333333336,1,1.0,1,0.3333333333333333,1,0,0.7222215000007223,0.0799999992,0.30376728659990465,1,1,1,1,2,2,2.0,1,1.0,2.0,2,1,1,1,2.0,0.8054794520547945,0.0365,acr1103,grid=[1]_threads=2,inf
0.0,24.5,0.4206008583690987,2,2,8,4.0,1,1,1.0,0,0,1,1,1,1.0,NEAREST_NEIGHBOR,1,0,1,4,1,min,1,3,0.5,1.0,0.7222222222222222,0.20786985482077452,100,3,33.333333333333336,1,1.0,1,0.3333333333333333,1,0,0.7222215000007223,0.0799999992,0.30376728659990465,2,1,1,1,2,4,2.0,2,1.0,2.0,4,1,1,1,2.0,0.3410672853828306,0.0862,acr1103,grid=[2]_threads=2,inf
0.0,24.5,0.4206008583690987,2,2,8,4.0,1,1,1.0,0,0,1,1,1,1.0,NEAREST_NEIGHBOR,1,0,1,4,1,min,1,3,0.5,1.0,0.7222222222222222,0.20786985482077452,100,3,33.333333333333336,1,1.0,1,0.3333333333333333,1,0,0.7222215000007223,0.0799999992,0.30376728659990465,1,1,1,1,1,1,1.0,1,1.0,1.0,1,1,1,0,1.0,0.9514563106796116,0.0309,acr1103,grid=[1]_threads=1,inf
0.0,24.5,0.4206008583690987,2,2,8,4.0,1,1,1.0,0,0,1,1,1,1.0,NEAREST_NEIGHBOR,1,0,1,4,1,min,1,3,0.5,1.0,0.7222222222222222,0.20786985482077452,100,3,33.333333333333336,1,1.0,1,0.3333333333333333,1,0,0.7222215000007223,0.0799999992,0.30376728659990465,1,1,1,1,2,2,2.0,1,1.0,2.0,2,1,1,1,2.0,0.7757255936675461,0.0379,acr1103,grid=[1]_threads=2,inf
0.0,24.5,0.4206008583690987,2,2,8,4.0,1,1,1.0,0,0,1,1,1,1.0,NEAREST_NEIGHBOR,1,0,1,4,1,min,1,3,0.5,1.0,0.7222222222222222,0.20786985482077452,100,3,33.333333333333336,1,1.0,1,0.3333333333333333,1,0,0.7222215000007223,0.0799999992,0.30376728659990465,2,1,1,1,2,4,2.0,2,1.0,2.0,4,1,1,1,2.0,0.3303370786516854,0.089,acr1103,grid=[2]_threads=2,inf
0.0,24.5,0.4206008583690987,2,2,8,4.0,1,1,1.0,0,0,1,1,1,1.0,NEAREST_NEIGHBOR,1,0,1,4,1,min,1,3,0.5,1.0,0.7222222222222222,0.20786985482077452,100,3,33.333333333333336,1,1.0,1,0.3333333333333333,1,0,0.7222215000007223,0.0799999992,0.30376728659990465,1,1,1,1,1,1,1.0,1,1.0,1.0,1,1,1,0,1.0,0.8376068376068376,0.0351,acr1103,grid=[1]_threads=1,inf
0.0,24.5,0.4206008583690987,2,2,8,4.0,1,1,1.0,0,0,1,1,1,1.0,NEAREST_NEIGHBOR,1,0,1,4,1,min,1,3,0.5,1.0,0.7222222222222222,0.20786985482077452,100,3,33.333333333333336,1,1.0,1,0.3333333333333333,1,0,0.7222215000007223,0.0799999992,0.30376728659990465,1,1,1,1,2,2,2.0,1,1.0,2.0,2,1,1,1,2.0,0.6917647058823528,0.0425,acr1103,grid=[1]_threads=2,inf
0.0,24.5,0.4206008583690987,2,2,8,4.0,1,1,1.0,0,0,1,1,1,1.0,NEAREST_NEIGHBOR,1,0,1,4,1,min,1,3,0.5,1.0,0.7222222222222222,0.20786985482077452,100,3,33.333333333333336,1,1.0,1,0.3333333333333333,1,0,0.7222215000007223,0.0799999992,0.30376728659990465,2,1,1,1,2,4,2.0,2,1.0,2.0,4,1,1,1,2.0,0.3333333333333333,0.0882,acr1103,grid=[2]_threads=2,inf
0.0,24.5,0.4206008583690987,2,2,8,4.0,1,1,1.0,0,0,1,1,1,1.0,NEAREST_NEIGHBOR,1,0,1,4,1,min,1,3,0.5,1.0,0.7222222222222222,0.20786985482077452,100,3,33.333333333333336,1,1.0,1,0.3333333333333333,1,0,0.7222215000007223,0.0799999992,0.30376728659990465,1,1,1,1,1,1,1.0,1,1.0,1.0,1,1,1,0,1.0,0.98,0.03,acr1103,grid=[1]_threads=1,inf
0.0,24.5,0.4206008583690987,2,2,8,4.0,1,1,1.0,0,0,1,1,1,1.0,NEAREST_NEIGHBOR,1,0,1,4,1,min,1,3,0.5,1.0,0.7222222222222222,0.20786985482077452,100,3,33.333333333333336,1,1.0,1,0.3333333333333333,1,0,0.7222215000007223,0.0799999992,0.30376728659990465,1,1,1,1,2,2,2.0,1,1.0,2.0,2,1,1,1,2.0,0.9607843137254902,0.0306,acr1103,grid=[1]_threads=2,inf
0.0,24.5,0.4206008583690987,2,2,8,4.0,1,1,1.0,0,0,1,1,1,1.0,NEAREST_NEIGHBOR,1,0,1,4,1,min,1,3,0.5,1.0,0.7222222222222222,0.20786985482077452,100,3,33.333333333333336,1,1.0,1,0.3333333333333333,1,0,0.7222215000007223,0.0799999992,0.30376728659990465,2,1,1,1,2,4,2.0,2,1.0,2.0,4,1,1,1,2.0,0.34027777777777773,0.0864,acr1103,grid=[2]_threads=2,inf
0.0,24.5,0.4206008583690987,2,2,8,4.0,1,1,1.0,0,0,1,1,1,1.0,NEAREST_NEIGHBOR,1,0,1,4,1,min,1,3,0.5,1.0,0.7222222222222222,0.20786985482077452,100,3,33.333333333333336,1,1.0,1,0.3333333333333333,1,0,0.7222215000007223,0.0799999992,0.30376728659990465,1,1,1,1,1,1,1.0,1,1.0,1.0,1,1,1,0,1.0,0.9865771812080537,0.0298,acr1103,grid=[1]_threads=1,inf
0.0,24.5,0.4206008583690987,2,2,8,4.0,1,1,1.0,0,0,1,1,1,1.0,NEAREST_NEIGHBOR,1,0,1,4,1,min,1,3,0.5,1.0,0.7222222222222222,0.20786985482077452,100,3,33.333333333333336,1,1.0,1,0.3333333333333333,1,0,0.7222215000007223,0.0799999992,0.30376728659990465,1,1,1,1,2,2,2.0,1,1.0,2.0,2,1,1,1,2.0,0.7882037533512064,0.0373,acr1103,grid=[1]_threads=2,inf
0.0,24.5,0.4206008583690987,2,2,8,4.0,1,1,1.0,0,0,1,1,1,1.0,NEAREST_NEIGHBOR,1,0,1,4,1,min,1,3,0.5,1.0,0.7222222222222222,0.20786985482077452,100,3,33.333333333333336,1,1.0,1,0.3333333333333333,1,0,0.7222215000007223,0.0799999992,0.30376728659990465,2,1,1,1,2,4,2.0,2,1.0,2.0,4,1,1,1,2.0,0.3367697594501718,0.0873,acr1103,grid=[2]_threads=2,inf
0.0,24.5,0.4206008583690987,2,2,8,4.0,1,1,1.0,0,0,1,1,1,1.0,NEAREST_NEIGHBOR,1,0,1,4,1,min,1,3,0.5,1.0,0.7222222222222222,0.20786985482077452,100,3,33.333333333333336,1,1.0,1,0.3333333333333333,1,0,0.7222215000007223,0.0799999992,0.30376728659990465,1,1,1,1,1,1,1.0,1,1.0,1.0,1,1,1,0,1.0,0.9767441860465117,0.0301,acr1103,grid=[1]_threads=1,inf
0.0,24.5,0.4206008583690987,2,2,8,4.0,1,1,1.0,0,0,1,1,1,1.0,NEAREST_NEIGHBOR,1,0,1,4,1,min,1,3,0.5,1.0,0.7222222222222222,0.20786985482077452,100,3,33.333333333333336,1,1.0,1,0.3333333333333333,1,0,0.7222215000007223,0.0799999992,0.30376728659990465,1,1,1,1,2,2,2.0,1,1.0,2.0,2,1,1,1,2.0,0.7945945945945946,0.037,acr1103,grid=[1]_threads=2,inf
0.0,24.5,0.4206008583690987,2,2,8,4.0,1,1,1.0,0,0,1,1,1,1.0,NEAREST_NEIGHBOR,1,0,1,4,1,min,1,3,0.5,1.0,0.7222222222222222,0.20786985482077452,100,3,33.333333333333336,1,1.0,1,0.3333333333333333,1,0,0.7222215000007223,0.0799999992,0.30376728659990465,2,1,1,1,2,4,2.0,2,1.0,2.0,4,1,1,1,2.0,0.3230769230769231,0.091,acr1103,grid=[2]_threads=2,inf
0.0,24.5,0.4206008583690987,2,2,8,4.0,1,1,1.0,0,0,1,1,1,1.0,NEAREST_NEIGHBOR,1,0,1,4,1,min,1,3,0.5,1.0,0.7222222222222222,0.20786985482077452,100,3,33.333333333333336,1,1.0,1,0.3333333333333333,1,0,0.7222215000007223,0.0799999992,0.30376728659990465,1,1,1,1,1,1,1.0,1,1.0,1.0,1,1,1,0,1.0,0.9898989898989898,0.0297,acr1103,grid=[1]_threads=1,inf
0.0,24.5,0.4206008583690987,2,2,8,4.0,1,1,1.0,0,0,1,1,1,1.0,NEAREST_NEIGHBOR,1,0,1,4,1,min,1,3,0.5,1.0,0.7222222222222222,0.20786985482077452,100,3,33.333333333333336,1,1.0,1,0.3333333333333333,1,0,0.7222215000007223,0.0799999992,0.30376728659990465,1,1,1,1,2,2,2.0,1,1.0,2.0,2,1,1,1,2.0,0.784,0.0375,acr1103,grid=[1]_threads=2,inf
0.0,24.5,0.4206008583690987,2,2,8,4.0,1,1,1.0,0,0,1,1,1,1.0,NEAREST_NEIGHBOR,1,0,1,4,1,min,1,3,0.5,1.0,0.7222222222222222,0.20786985482077452,100,3,33.333333333333336,1,1.0,1,0.3333333333333333,1,0,0.7222215000007223,0.0799999992,0.30376728659990465,2,1,1,1,2,4,2.0,2,1.0,2.0,4,1,1,1,2.0,0.3277591973244147,0.0897,acr1103,grid=[2]_threads=2,inf
0.0,24.5,0.4206008583690987,2,2,8,4.0,1,1,1.0,0,0,1,1,1,1.0,NEAREST_NEIGHBOR,1,0,1,4,1,min,1,3,0.5,1.0,0.7222222222222222,0.20786985482077452,100,3,33.333333333333336,1,1.0,1,0.3333333333333333,1,0,0.7222215000007223,0.0799999992,0.30376728659990465,1,1,1,1,1,1,1.0,1,1.0,1.0,1,1,1,0,1.0,1.0,0.0294,acr1103,grid=[1]_threads=1,inf
0.0,24.5,0.4206008583690987,2,2,8,4.0,1,1,1.0,0,0,1,1,1,1.0,NEAREST_NEIGHBOR,1,0,1,4,1,min,1,3,0.5,1.0,0.7222222222222222,0.20786985482077452,100,3,33.333333333333336,1,1.0,1,0.3333333333333333,1,0,0.7222215000007223,0.0799999992,0.30376728659990465,1,1,1,1,2,2,2.0,1,1.0,2.0,2,1,1,1,2.0,0.7924528301886792,0.0371,acr1103,grid=[1]_threads=2,inf
0.0,24.5,0.4206008583690987,2,2,8,4.0,1,1,1.0,0,0,1,1,1,1.0,NEAREST_NEIGHBOR,1,0,1,4,1,min,1,3,0.5,1.0,0.7222222222222222,0.20786985482077452,100,3,33.333333333333336,1,1.0,1,0.3333333333333333,1,0,0.7222215000007223,0.0799999992,0.30376728659990465,2,1,1,1,2,4,2.0,2,1.0,2.0,4,1,1,1,2.0,0.3363844393592677,0.0874,acr1103,grid=[2]_threads=2,inf
0.0,23.75,0.42316258351893093,2,2,8,4.0,1,1,1.0,0,0,1,2,2,2.0,NEAREST_NEIGHBOR,1,0,1,4,1,min,1,3,0.5,1.0,0.8333333333333334,0.23570226039551584,97,3,32.333333333333336,1,1.0,1,0.3333333333333333,1,0,0.41666645833343746,0.08247422595387396,0.3526354862657758,1,1,1,1,1,1,1.0,1,1.0,1.0,1,1,1,0,1.0,1.0,0.0297,acr1106,grid=[1]_threads=1,inf
0.0,23.75,0.42316258351893093,2,2,8,4.0,1,1,1.0,0,0,1,2,2,2.0,NEAREST_NEIGHBOR,1,0,1,4,1,min,1,3,0.5,1.0,0.8333333333333334,0.23570226039551584,97,3,32.333333333333336,1,1.0,1,0.3333333333333333,1,0,0.41666645833343746,0.08247422595387396,0.3526354862657758,1,1,1,1,2,2,2.0,1,1.0,2.0,2,1,1,1,2.0,0.8070652173913044,0.0368,acr1106,grid=[1]_threads=2,inf
0.0,23.75,0.42316258351893093,2,2,8,4.0,1,1,1.0,0,0,1,2,2,2.0,NEAREST_NEIGHBOR,1,0,1,4,1,min,1,3,0.5,1.0,0.8333333333333334,0.23570226039551584,97,3,32.333333333333336,1,1.0,1,0.3333333333333333,1,0,0.41666645833343746,0.08247422595387396,0.3526354862657758,2,1,1,1,2,4,2.0,2,1.0,2.0,4,1,1,1,2.0,0.34177215189873417,0.0869,acr1106,grid=[2]_threads=2,inf
0.0,23.75,0.42316258351893093,2,2,8,4.0,1,1,1.0,0,0,1,2,2,2.0,NEAREST_NEIGHBOR,1,0,1,4,1,min,1,3,0.5,1.0,0.8333333333333334,0.23570226039551584,97,3,32.333333333333336,1,1.0,1,0.3333333333333333,1,0,0.41666645833343746,0.08247422595387396,0.3526354862657758,1,1,1,1,1,1,1.0,1,1.0,1.0,1,1,1,0,1.0,0.9339622641509434,0.0318,acr1106,grid=[1]_threads=1,inf
0.0,23.75,0.42316258351893093,2,2,8,4.0,1,1,1.0,0,0,1,2,2,2.0,NEAREST_NEIGHBOR,1,0,1,4,1,min,1,3,0.5,1.0,0.8333333333333334,0.23570226039551584,97,3,32.333333333333336,1,1.0,1,0.3333333333333333,1,0,0.41666645833343746,0.08247422595387396,0.3526354862657758,1,1,1,1,2,2,2.0,1,1.0,2.0,2,1,1,1,2.0,0.8092643051771117,0.0367,acr1106,grid=[1]_threads=2,inf
0.0,23.75,0.42316258351893093,2,2,8,4.0,1,1,1.0,0,0,1,2,2,2.0,NEAREST_NEIGHBOR,1,0,1,4,1,min,1,3,0.5,1.0,0.8333333333333334,0.23570226039551584,97,3,32.333333333333336,1,1.0,1,0.3333333333333333,1,0,0.41666645833343746,0.08247422595387396,0.3526354862657758,2,1,1,1,2,4,2.0,2,1.0,2.0,4,1,1,1,2.0,0.32494529540481404,0.0914,acr1106,grid=[2]_threads=2,inf
0.0,23.75,0.42316258351893093,2,2,8,4.0,1,1,1.0,0,0,1,2,2,2.0,NEAREST_NEIGHBOR,1,0,1,4,1,min,1,3,0.5,1.0,0.8333333333333334,0.23570226039551584,97,3,32.333333333333336,1,1.0,1,0.3333333333333333,1,0,0.41666645833343746,0.08247422595387396,0.3526354862657758,1,1,1,1,1,1,1.0,1,1.0,1.0,1,1,1,0,1.0,0.9458598726114651,0.0314,acr1106,grid=[1]_threads=1,inf
0.0,23.75,0.42316258351893093,2,2,8,4.0,1,1,1.0,0,0,1,2,2,2.0,NEAREST_NEIGHBOR,1,0,1,4,1,min,1,3,0.5,1.0,0.8333333333333334,0.23570226039551584,97,3,32.333333333333336,1,1.0,1,0.3333333333333333,1,0,0.41666645833343746,0.08247422595387396,0.3526354862657758,1,1,1,1,2,2,2.0,1,1.0,2.0,2,1,1,1,2.0,0.7898936170212766,0.0376,acr1106,grid=[1]_threads=2,inf
0.0,23.75,0.42316258351893093,2,2,8,4.0,1,1,1.0,0,0,1,2,2,2.0,NEAREST_NEIGHBOR,1,0,1,4,1,min,1,3,0.5,1.0,0.8333333333333334,0.23570226039551584,97,3,32.333333333333336,1,1.0,1,0.3333333333333333,1,0,0.41666645833343746,0.08247422595387396,0.3526354862657758,2,1,1,1,2,4,2.0,2,1.0,2.0,4,1,1,1,2.0,0.31099476439790574,0.0955,acr1106,grid=[2]_threads=2,inf
0.0,23.75,0.42316258351893093,2,2,8,4.0,1,1,1.0,0,0,1,2,2,2.0,NEAREST_NEIGHBOR,1,0,1,4,1,min,1,3,0.5,1.0,0.8333333333333334,0.23570226039551584,97,3,32.333333333333336,1,1.0,1,0.3333333333333333,1,0,0.41666645833343746,0.08247422595387396,0.3526354862657758,1,1,1,1,1,1,1.0,1,1.0,1.0,1,1,1,0,1.0,0.8918918918918918,0.0333,acr1106,grid=[1]_threads=1,inf
0.0,23.75,0.42316258351893093,2,2,8,4.0,1,1,1.0,0,0,1,2,2,2.0,NEAREST_NEIGHBOR,1,0,1,4,1,min,1,3,0.5,1.0,0.8333333333333334,0.23570226039551584,97,3,32.333333333333336,1,1.0,1,0.3333333333333333,1,0,0.41666645833343746,0.08247422595387396,0.3526354862657758,1,1,1,1,2,2,2.0,1,1.0,2.0,2,1,1,1,2.0,0.7941176470588235,0.0374,acr1106,grid=[1]_threads=2,inf
0.0,23.75,0.42316258351893093,2,2,8,4.0,1,1,1.0,0,0,1,2,2,2.0,NEAREST_NEIGHBOR,1,0,1,4,1,min,1,3,0.5,1.0,0.8333333333333334,0.23570226039551584,97,3,32.333333333333336,1,1.0,1,0.3333333333333333,1,0,0.41666645833343746,0.08247422595387396,0.3526354862657758,2,1,1,1,2,4,2.0,2,1.0,2.0,4,1,1,1,2.0,0.3173076923076923,0.0936,acr1106,grid=[2]_threads=2,inf
0.0,23.75,0.42316258351893093,2,2,8,4.0,1,1,1.0,0,0,1,2,2,2.0,NEAREST_NEIGHBOR,1,0,1,4,1,min,1,3,0.5,1.0,0.8333333333333334,0.23570226039551584,97,3,32.333333333333336,1,1.0,1,0.3333333333333333,1,0,0.41666645833343746,0.08247422595387396,0.3526354862657758,1,1,1,1,1,1,1.0,1,1.0,1.0,1,1,1,0,1.0,0.9488817891373802,0.0313,acr1106,grid=[1]_threads=1,inf
0.0,23.75,0.42316258351893093,2,2,8,4.0,1,1,1.0,0,0,1,2,2,2.0,NEAREST_NEIGHBOR,1,0,1,4,1,min,1,3,0.5,1.0,0.8333333333333334,0.23570226039551584,97,3,32.333333333333336,1,1.0,1,0.3333333333333333,1,0,0.41666645833343746,0.08247422595387396,0.3526354862657758,1,1,1,1,2,2,2.0,1,1.0,2.0,2,1,1,1,2.0,0.8027027027027027,0.037,acr1106,grid=[1]_threads=2,inf
0.0,23.75,0.42316258351893093,2,2,8,4.0,1,1,1.0,0,0,1,2,2,2.0,NEAREST_NEIGHBOR,1,0,1,4,1,min,1,3,0.5,1.0,0.8333333333333334,0.23570226039551584,97,3,32.333333333333336,1,1.0,1,0.3333333333333333,1,0,0.41666645833343746,0.08247422595387396,0.3526354862657758,2,1,1,1,2,4,2.0,2,1.0,2.0,4,1,1,1,2.0,0.33184357541899445,0.0895,acr1106,grid=[2]_threads=2,inf
0.0,23.75,0.42316258351893093,2,2,8,4.0,1,1,1.0,0,0,1,2,2,2.0,NEAREST_NEIGHBOR,1,0,1,4,1,min,1,3,0.5,1.0,0.8333333333333334,0.23570226039551584,97,3,32.333333333333336,1,1.0,1,0.3333333333333333,1,0,0.41666645833343746,0.08247422595387396,0.3526354862657758,1,1,1,1,1,1,1.0,1,1.0,1.0,1,1,1,0,1.0,0.9110429447852761,0.0326,acr1106,grid=[1]_threads=1,inf
0.0,23.75,0.42316258351893093,2,2,8,4.0,1,1,1.0,0,0,1,2,2,2.0,NEAREST_NEIGHBOR,1,0,1,4,1,min,1,3,0.5,1.0,0.8333333333333334,0.23570226039551584,97,3,32.333333333333336,1,1.0,1,0.3333333333333333,1,0,0.41666645833343746,0.08247422595387396,0.3526354862657758,1,1,1,1,2,2,2.0,1,1.0,2.0,2,1,1,1,2.0,0.781578947368421,0.038,acr1106,grid=[1]_threads=2,inf
0.0,23.75,0.42316258351893093,2,2,8,4.0,1,1,1.0,0,0,1,2,2,2.0,NEAREST_NEIGHBOR,1,0,1,4,1,min,1,3,0.5,1.0,0.8333333333333334,0.23570226039551584,97,3,32.333333333333336,1,1.0,1,0.3333333333333333,1,0,0.41666645833343746,0.08247422595387396,0.3526354862657758,2,1,1,1,2,4,2.0,2,1.0,2.0,4,1,1,1,2.0,0.3421658986175115,0.0868,acr1106,grid=[2]_threads=2,inf
0.0,23.75,0.42316258351893093,2,2,8,4.0,1,1,1.0,0,0,1,2,2,2.0,NEAREST_NEIGHBOR,1,0,1,4,1,min,1,3,0.5,1.0,0.8333333333333334,0.23570226039551584,97,3,32.333333333333336,1,1.0,1,0.3333333333333333,1,0,0.41666645833343746,0.08247422595387396,0.3526354862657758,1,1,1,1,1,1,1.0,1,1.0,1.0,1,1,1,0,1.0,0.9769736842105263,0.0304,acr1106,grid=[1]_threads=1,inf
0.0,23.75,0.42316258351893093,2,2,8,4.0,1,1,1.0,0,0,1,2,2,2.0,NEAREST_NEIGHBOR,1,0,1,4,1,min,1,3,0.5,1.0,0.8333333333333334,0.23570226039551584,97,3,32.333333333333336,1,1.0,1,0.3333333333333333,1,0,0.41666645833343746,0.08247422595387396,0.3526354862657758,1,1,1,1,2,2,2.0,1,1.0,2.0,2,1,1,1,2.0,0.792,0.0375,acr1106,grid=[1]_threads=2,inf
0.0,23.75,0.42316258351893093,2,2,8,4.0,1,1,1.0,0,0,1,2,2,2.0,NEAREST_NEIGHBOR,1,0,1,4,1,min,1,3,0.5,1.0,0.8333333333333334,0.23570226039551584,97,3,32.333333333333336,1,1.0,1,0.3333333333333333,1,0,0.41666645833343746,0.08247422595387396,0.3526354862657758,2,1,1,1,2,4,2.0,2,1.0,2.0,4,1,1,1,2.0,0.3363533408833522,0.0883,acr1106,grid=[2]_threads=2,inf
0.0,23.75,0.42316258351893093,2,2,8,4.0,1,1,1.0,0,0,1,2,2,2.0,NEAREST_NEIGHBOR,1,0,1,4,1,min,1,3,0.5,1.0,0.8333333333333334,0.23570226039551584,97,3,32.333333333333336,1,1.0,1,0.3333333333333333,1,0,0.41666645833343746,0.08247422595387396,0.3526354862657758,1,1,1,1,1,1,1.0,1,1.0,1.0,1,1,1,0,1.0,0.9867109634551496,0.0301,acr1106,grid=[1]_threads=1,inf
0.0,23.75,0.42316258351893093,2,2,8,4.0,1,1,1.0,0,0,1,2,2,2.0,NEAREST_NEIGHBOR,1,0,1,4,1,min,1,3,0.5,1.0,0.8333333333333334,0.23570226039551584,97,3,32.333333333333336,1,1.0,1,0.3333333333333333,1,0,0.41666645833343746,0.08247422595387396,0.3526354862657758,1,1,1,1,2,2,2.0,1,1.0,2.0,2,1,1,1,2.0,0.7983870967741936,0.0372,acr1106,grid=[1]_threads=2,inf
0.0,23.75,0.42316258351893093,2,2,8,4.0,1,1,1.0,0,0,1,2,2,2.0,NEAREST_NEIGHBOR,1,0,1,4,1,min,1,3,0.5,1.0,0.8333333333333334,0.23570226039551584,97,3,32.333333333333336,1,1.0,1,0.3333333333333333,1,0,0.41666645833343746,0.08247422595387396,0.3526354862657758,2,1,1,1,2,4,2.0,2,1.0,2.0,4,1,1,1,2.0,0.31696905016008536,0.0937,acr1106,grid=[2]_threads=2,inf
0.0,23.75,0.42316258351893093,2,2,8,4.0,1,1,1.0,0,0,1,2,2,2.0,NEAREST_NEIGHBOR,1,0,1,4,1,min,1,3,0.5,1.0,0.8333333333333334,0.23570226039551584,97,3,32.333333333333336,1,1.0,1,0.3333333333333333,1,0,0.41666645833343746,0.08247422595387396,0.3526354862657758,1,1,1,1,1,1,1.0,1,1.0,1.0,1,1,1,0,1.0,0.9458598726114651,0.0314,acr1106,grid=[1]_threads=1,inf
0.0,23.75,0.42316258351893093,2,2,8,4.0,1,1,1.0,0,0,1,2,2,2.0,NEAREST_NEIGHBOR,1,0,1,4,1,min,1,3,0.5,1.0,0.8333333333333334,0.23570226039551584,97,3,32.333333333333336,1,1.0,1,0.3333333333333333,1,0,0.41666645833343746,0.08247422595387396,0.3526354862657758,1,1,1,1,2,2,2.0,1,1.0,2.0,2,1,1,1,2.0,0.7983870967741936,0.0372,acr1106,grid=[1]_threads=2,inf
0.0,23.75,0.42316258351893093,2,2,8,4.0,1,1,1.0,0,0,1,2,2,2.0,NEAREST_NEIGHBOR,1,0,1,4,1,min,1,3,0.5,1.0,0.8333333333333334,0.23570226039551584,97,3,32.333333333333336,1,1.0,1,0.3333333333333333,1,0,0.41666645833343746,0.08247422595387396,0.3526354862657758,2,1,1,1,2,4,2.0,2,1.0,2.0,4,1,1,1,2.0,0.3421658986175115,0.0868,acr1106,grid=[2]_threads=2,inf
0.0,24.5,0.4206008583690987,2,2,8,4.0,1,1,1.0,0,0,1,1,1,1.0,NEAREST_NEIGHBOR,1,0,1,4,1,min,1,3,0.5,1.0,0.7222222222222222,0.20786985482077452,100,3,33.333333333333336,1,1.0,1,0.3333333333333333,1,0,0.7222215000007223,0.0799999992,0.30376728659990465,1,1,1,1,1,1,1.0,1,1.0,1.0,1,1,1,0,1.0,0.9678456591639871,0.0311,acr1102,grid=[1]_threads=1,inf
0.0,24.5,0.4206008583690987,2,2,8,4.0,1,1,1.0,0,0,1,1,1,1.0,NEAREST_NEIGHBOR,1,0,1,4,1,min,1,3,0.5,1.0,0.7222222222222222,0.20786985482077452,100,3,33.333333333333336,1,1.0,1,0.3333333333333333,1,0,0.7222215000007223,0.0799999992,0.30376728659990465,1,1,1,1,2,2,2.0,1,1.0,2.0,2,1,1,1,2.0,0.8113207547169811,0.0371,acr1102,grid=[1]_threads=2,inf
0.0,24.5,0.4206008583690987,2,2,8,4.0,1,1,1.0,0,0,1,1,1,1.0,NEAREST_NEIGHBOR,1,0,1,4,1,min,1,3,0.5,1.0,0.7222222222222222,0.20786985482077452,100,3,33.333333333333336,1,1.0,1,0.3333333333333333,1,0,0.7222215000007223,0.0799999992,0.30376728659990465,2,1,1,1,2,4,2.0,2,1.0,2.0,4,1,1,1,2.0,0.34797687861271676,0.0865,acr1102,grid=[2]_threads=2,inf
0.0,24.5,0.4206008583690987,2,2,8,4.0,1,1,1.0,0,0,1,1,1,1.0,NEAREST_NEIGHBOR,1,0,1,4,1,min,1,3,0.5,1.0,0.7222222222222222,0.20786985482077452,100,3,33.333333333333336,1,1.0,1,0.3333333333333333,1,0,0.7222215000007223,0.0799999992,0.30376728659990465,1,1,1,1,1,1,1.0,1,1.0,1.0,1,1,1,0,1.0,0.8502824858757061,0.0354,acr1102,grid=[1]_threads=1,inf
0.0,24.5,0.4206008583690987,2,2,8,4.0,1,1,1.0,0,0,1,1,1,1.0,NEAREST_NEIGHBOR,1,0,1,4,1,min,1,3,0.5,1.0,0.7222222222222222,0.20786985482077452,100,3,33.333333333333336,1,1.0,1,0.3333333333333333,1,0,0.7222215000007223,0.0799999992,0.30376728659990465,1,1,1,1,2,2,2.0,1,1.0,2.0,2,1,1,1,2.0,0.7506234413965087,0.0401,acr1102,grid=[1]_threads=2,inf
0.0,24.5,0.4206008583690987,2,2,8,4.0,1,1,1.0,0,0,1,1,1,1.0,NEAREST_NEIGHBOR,1,0,1,4,1,min,1,3,0.5,1.0,0.7222222222222222,0.20786985482077452,100,3,33.333333333333336,1,1.0,1,0.3333333333333333,1,0,0.7222215000007223,0.0799999992,0.30376728659990465,2,1,1,1,2,4,2.0,2,1.0,2.0,4,1,1,1,2.0,0.3109504132231405,0.0968,acr1102,grid=[2]_threads=2,inf
0.0,24.5,0.4206008583690987,2,2,8,4.0,1,1,1.0,0,0,1,1,1,1.0,NEAREST_NEIGHBOR,1,0,1,4,1,min,1,3,0.5,1.0,0.7222222222222222,0.20786985482077452,100,3,33.333333333333336,1,1.0,1,0.3333333333333333,1,0,0.7222215000007223,0.0799999992,0.30376728659990465,1,1,1,1,1,1,1.0,1,1.0,1.0,1,1,1,0,1.0,0.5901960784313726,0.051,acr1102,grid=[1]_threads=1,inf
0.0,24.5,0.4206008583690987,2,2,8,4.0,1,1,1.0,0,0,1,1,1,1.0,NEAREST_NEIGHBOR,1,0,1,4,1,min,1,3,0.5,1.0,0.7222222222222222,0.20786985482077452,100,3,33.333333333333336,1,1.0,1,0.3333333333333333,1,0,0.7222215000007223,0.0799999992,0.30376728659990465,1,1,1,1,2,2,2.0,1,1.0,2.0,2,1,1,1,2.0,0.6404255319148936,0.047,acr1102,grid=[1]_threads=2,inf
0.0,24.5,0.4206008583690987,2,2,8,4.0,1,1,1.0,0,0,1,1,1,1.0,NEAREST_NEIGHBOR,1,0,1,4,1,min,1,3,0.5,1.0,0.7222222222222222,0.20786985482077452,100,3,33.333333333333336,1,1.0,1,0.3333333333333333,1,0,0.7222215000007223,0.0799999992,0.30376728659990465,2,1,1,1,2,4,2.0,2,1.0,2.0,4,1,1,1,2.0,0.06924315619967794,0.4347,acr1102,grid=[2]_threads=2,inf
0.0,24.5,0.4206008583690987,2,2,8,4.0,1,1,1.0,0,0,1,1,1,1.0,NEAREST_NEIGHBOR,1,0,1,4,1,min,1,3,0.5,1.0,0.7222222222222222,0.20786985482077452,100,3,33.333333333333336,1,1.0,1,0.3333333333333333,1,0,0.7222215000007223,0.0799999992,0.30376728659990465,1,1,1,1,1,1,1.0,1,1.0,1.0,1,1,1,0,1.0,0.6764044943820224,0.0445,acr1102,grid=[1]_threads=1,inf
0.0,24.5,0.4206008583690987,2,2,8,4.0,1,1,1.0,0,0,1,1,1,1.0,NEAREST_NEIGHBOR,1,0,1,4,1,min,1,3,0.5,1.0,0.7222222222222222,0.20786985482077452,100,3,33.333333333333336,1,1.0,1,0.3333333333333333,1,0,0.7222215000007223,0.0799999992,0.30376728659990465,1,1,1,1,2,2,2.0,1,1.0,2.0,2,1,1,1,2.0,0.7879581151832461,0.0382,acr1102,grid=[1]_threads=2,inf
0.0,24.5,0.4206008583690987,2,2,8,4.0,1,1,1.0,0,0,1,1,1,1.0,NEAREST_NEIGHBOR,1,0,1,4,1,min,1,3,0.5,1.0,0.7222222222222222,0.20786985482077452,100,3,33.333333333333336,1,1.0,1,0.3333333333333333,1,0,0.7222215000007223,0.0799999992,0.30376728659990465,2,1,1,1,2,4,2.0,2,1.0,2.0,4,1,1,1,2.0,0.05245730219588707,0.5738,acr1102,grid=[2]_threads=2,inf
0.0,24.5,0.4206008583690987,2,2,8,4.0,1,1,1.0,0,0,1,1,1,1.0,NEAREST_NEIGHBOR,1,0,1,4,1,min,1,3,0.5,1.0,0.7222222222222222,0.20786985482077452,100,3,33.333333333333336,1,1.0,1,0.3333333333333333,1,0,0.7222215000007223,0.0799999992,0.30376728659990465,1,1,1,1,1,1,1.0,1,1.0,1.0,1,1,1,0,1.0,1.0,0.0301,acr1102,grid=[1]_threads=1,inf
0.0,24.5,0.4206008583690987,2,2,8,4.0,1,1,1.0,0,0,1,1,1,1.0,NEAREST_NEIGHBOR,1,0,1,4,1,min,1,3,0.5,1.0,0.7222222222222222,0.20786985482077452,100,3,33.333333333333336,1,1.0,1,0.3333333333333333,1,0,0.7222215000007223,0.0799999992,0.30376728659990465,1,1,1,1,2,2,2.0,1,1.0,2.0,2,1,1,1,2.0,0.7941952506596305,0.0379,acr1102,grid=[1]_threads=2,inf
0.0,24.5,0.4206008583690987,2,2,8,4.0,1,1,1.0,0,0,1,1,1,1.0,NEAREST_NEIGHBOR,1,0,1,4,1,min,1,3,0.5,1.0,0.7222222222222222,0.20786985482077452,100,3,33.333333333333336,1,1.0,1,0.3333333333333333,1,0,0.7222215000007223,0.0799999992,0.30376728659990465,2,1,1,1,2,4,2.0,2,1.0,2.0,4,1,1,1,2.0,0.34243458475540384,0.0879,acr1102,grid=[2]_threads=2,inf
0.0,24.5,0.4206008583690987,2,2,8,4.0,1,1,1.0,0,0,1,1,1,1.0,NEAREST_NEIGHBOR,1,0,1,4,1,min,1,3,0.5,1.0,0.7222222222222222,0.20786985482077452,100,3,33.333333333333336,1,1.0,1,0.3333333333333333,1,0,0.7222215000007223,0.0799999992,0.30376728659990465,1,1,1,1,1,1,1.0,1,1.0,1.0,1,1,1,0,1.0,0.9465408805031446,0.0318,acr1102,grid=[1]_threads=1,inf
0.0,24.5,0.4206008583690987,2,2,8,4.0,1,1,1.0,0,0,1,1,1,1.0,NEAREST_NEIGHBOR,1,0,1,4,1,min,1,3,0.5,1.0,0.7222222222222222,0.20786985482077452,100,3,33.333333333333336,1,1.0,1,0.3333333333333333,1,0,0.7222215000007223,0.0799999992,0.30376728659990465,1,1,1,1,2,2,2.0,1,1.0,2.0,2,1,1,1,2.0,0.7698209718670076,0.0391,acr1102,grid=[1]_threads=2,inf
0.0,24.5,0.4206008583690987,2,2,8,4.0,1,1,1.0,0,0,1,1,1,1.0,NEAREST_NEIGHBOR,1,0,1,4,1,min,1,3,0.5,1.0,0.7222222222222222,0.20786985482077452,100,3,33.333333333333336,1,1.0,1,0.3333333333333333,1,0,0.7222215000007223,0.0799999992,0.30376728659990465,2,1,1,1,2,4,2.0,2,1.0,2.0,4,1,1,1,2.0,0.3508158508158508,0.0858,acr1102,grid=[2]_threads=2,inf
0.0,24.5,0.4206008583690987,2,2,8,4.0,1,1,1.0,0,0,1,1,1,1.0,NEAREST_NEIGHBOR,1,0,1,4,1,min,1,3,0.5,1.0,0.7222222222222222,0.20786985482077452,100,3,33.333333333333336,1,1.0,1,0.3333333333333333,1,0,0.7222215000007223,0.0799999992,0.30376728659990465,1,1,1,1,1,1,1.0,1,1.0,1.0,1,1,1,0,1.0,0.9678456591639871,0.0311,acr1102,grid=[1]_threads=1,inf
0.0,24.5,0.4206008583690987,2,2,8,4.0,1,1,1.0,0,0,1,1,1,1.0,NEAREST_NEIGHBOR,1,0,1,4,1,min,1,3,0.5,1.0,0.7222222222222222,0.20786985482077452,100,3,33.333333333333336,1,1.0,1,0.3333333333333333,1,0,0.7222215000007223,0.0799999992,0.30376728659990465,1,1,1,1,2,2,2.0,1,1.0,2.0,2,1,1,1,2.0,0.7620253164556962,0.0395,acr1102,grid=[1]_threads=2,inf
0.0,24.5,0.4206008583690987,2,2,8,4.0,1,1,1.0,0,0,1,1,1,1.0,NEAREST_NEIGHBOR,1,0,1,4,1,min,1,3,0.5,1.0,0.7222222222222222,0.20786985482077452,100,3,33.333333333333336,1,1.0,1,0.3333333333333333,1,0,0.7222215000007223,0.0799999992,0.30376728659990465,2,1,1,1,2,4,2.0,2,1.0,2.0,4,1,1,1,2.0,0.34878331402085744,0.0863,acr1102,grid=[2]_threads=2,inf
0.0,24.5,0.4206008583690987,2,2,8,4.0,1,1,1.0,0,0,1,1,1,1.0,NEAREST_NEIGHBOR,1,0,1,4,1,min,1,3,0.5,1.0,0.7222222222222222,0.20786985482077452,100,3,33.333333333333336,1,1.0,1,0.3333333333333333,1,0,0.7222215000007223,0.0799999992,0.30376728659990465,1,1,1,1,1,1,1.0,1,1.0,1.0,1,1,1,0,1.0,0.8575498575498575,0.0351,acr1102,grid=[1]_threads=1,inf
0.0,24.5,0.4206008583690987,2,2,8,4.0,1,1,1.0,0,0,1,1,1,1.0,NEAREST_NEIGHBOR,1,0,1,4,1,min,1,3,0.5,1.0,0.7222222222222222,0.20786985482077452,100,3,33.333333333333336,1,1.0,1,0.3333333333333333,1,0,0.7222215000007223,0.0799999992,0.30376728659990465,1,1,1,1,2,2,2.0,1,1.0,2.0,2,1,1,1,2.0,0.2209985315712188,0.1362,acr1102,grid=[1]_threads=2,inf
0.0,24.5,0.4206008583690987,2,2,8,4.0,1,1,1.0,0,0,1,1,1,1.0,NEAREST_NEIGHBOR,1,0,1,4,1,min,1,3,0.5,1.0,0.7222222222222222,0.20786985482077452,100,3,33.333333333333336,1,1.0,1,0.3333333333333333,1,0,0.7222215000007223,0.0799999992,0.30376728659990465,2,1,1,1,2,4,2.0,2,1.0,2.0,4,1,1,1,2.0,0.09318885448916407,0.323,acr1102,grid=[2]_threads=2,inf
0.0,24.5,0.4206008583690987,2,2,8,4.0,1,1,1.0,0,0,1,1,1,1.0,NEAREST_NEIGHBOR,1,0,1,4,1,min,1,3,0.5,1.0,0.7222222222222222,0.20786985482077452,100,3,33.333333333333336,1,1.0,1,0.3333333333333333,1,0,0.7222215000007223,0.0799999992,0.30376728659990465,1,1,1,1,1,1,1.0,1,1.0,1.0,1,1,1,0,1.0,0.9836601307189542,0.0306,acr1102,grid=[1]_threads=1,inf
0.0,24.5,0.4206008583690987,2,2,8,4.0,1,1,1.0,0,0,1,1,1,1.0,NEAREST_NEIGHBOR,1,0,1,4,1,min,1,3,0.5,1.0,0.7222222222222222,0.20786985482077452,100,3,33.333333333333336,1,1.0,1,0.3333333333333333,1,0,0.7222215000007223,0.0799999992,0.30376728659990465,1,1,1,1,2,2,2.0,1,1.0,2.0,2,1,1,1,2.0,0.8179347826086956,0.0368,acr1102,grid=[1]_threads=2,inf
0.0,24.5,0.4206008583690987,2,2,8,4.0,1,1,1.0,0,0,1,1,1,1.0,NEAREST_NEIGHBOR,1,0,1,4,1,min,1,3,0.5,1.0,0.7222222222222222,0.20786985482077452,100,3,33.333333333333336,1,1.0,1,0.3333333333333333,1,0,0.7222215000007223,0.0799999992,0.30376728659990465,2,1,1,1,2,4,2.0,2,1.0,2.0,4,1,1,1,2.0,0.33149779735682816,0.0908,acr1102,grid=[2]_threads=2,inf
